ESSAY_ID,PARA_NUM,SENTENCE,COHERENCE,COMMENT
001,1,Wearable fitness devices can help healthier lifestyles by helping students monitor important daily habits a lot.,satisfactory,The topic sentence clearly introduces the paragraph's main point.
001,1,"Many of these things help count steps, record physical activity, and give reminders to move a lot during the day.",satisfactory,This sentence follows naturally by listing the devices' functions.
001,1,"In addition, sleep tracking can help students notice patterns in bedtime, waking time, and rest quality.",satisfactory,"""In addition"" clearly signals another supporting point."
001,1,"According to Knaus (2025), sleep trackers can help habits and help users identify things that influence rest, such as exercise or caffeine.",satisfactory,The source-based example connects clearly to the previous point about sleep tracking.
001,1,This kind of information may help students to make good changes in their routines.,satisfactory,This sentence clearly explains the effect of the previous evidence.
001,1,Wearable devices can cause problems with blood pressure.,add a contrast,If this shift to a negative point is kept, add a contrast connector such as "However" to signal the change.
001,1,"Wearable devices Wikipedia contributors (2026) also note that wearable technology is used a lot for health and fitness purposes, which shows that these devices are often linked to self-monitoring and personal improvement.",satisfactory,The word "also" shows addition and reconnects to supporting evidence.
001,1,"Therefore, wearable devices can be helpful because they make health information more visible in everyday life.",satisfactory,"""Therefore"" clearly signals the paragraph's concluding result."
001,2,Wearable devices are also useful because they can reveal a lot of real patterns in student life that might be ignored.,satisfactory,The topic sentence clearly introduces the paragraph's main point.
001,2,"I believe that sleep enough or exercise enough, but data from wearable devices show me a different things.",satisfactory,The contrast within the sentence makes the point about perception versus data clear.
001,2,"In one study, first-semester college students and found late sleep schedules, social jetlag, and signs of chronic sleep debt through wearable data.",use elaboration words,"Add an elaboration connector such as ""For example"" before this sentence to introduce the study more smoothly."
001,2,"I agree because sometimes I don't eat breakfast in the morning.",use elaboration words,"If this personal example is kept, add an elaboration phrase such as ""For example,"" to show how it relates to the previous sentence."
001,2,"This finding is useful because it suggests that students often feel hard with rest even when they do not fully know the problem.",satisfactory,"""This finding"" clearly links back to the study evidence."
001,2,"Better awareness of sleep and activity patterns may help students improve focus, mood, and energy for study.",add an addition connector,"Add a connector such as ""Furthermore"" to show this sentence adds another benefit."
001,2,Its device can give students useful evidence about habits that affect learning.,satisfactory,This sentence continues the explanation of how awareness supports learning.
001,2,"In this way, wearable devices may support student success indirectly through greater self-awareness.",satisfactory,"""In this way"" clearly signals the concluding link."
001,3,"However, wearable fitness devices also have serious limitations.",satisfactory,"""However"" clearly signals contrast with the earlier positive paragraphs."
001,3,"First, they do not automatically create lasting behavior change.",satisfactory,"""First"" clearly introduces the first limitation."
001,3,"Oaklander (2016) reported that many people stop using fitness trackers over time, which suggests that the device alone is not enough to build long-term healthy habits.",satisfactory,The evidence clearly supports the previous claim.
001,3,"Second, wearable devices collect personal data, and this creates privacy concerns.",satisfactory,"""Second"" clearly introduces another limitation."
001,3,"Reed (2026) explained that connecting wearable information with medical records can expose sensitive health data and increase uncertainty about how such data is used.",satisfactory,The evidence clearly supports the privacy concern.
001,3,"Finally, sleep tracking may create unnecessary anxiety instead of improving health.",satisfactory,"""Finally"" clearly introduces the last limitation."
001,3,"Colino (2025) described the problem of ""orthosomnia,"" in which people become so focused on perfect sleep scores that the pressure itself harms sleep.",satisfactory,The source-based example clearly elaborates the anxiety point.
001,3,Wearable devices should be treated as helpful tools rather than perfect guides.,show cause and effect,"Add a result phrase such as ""For this reason,"" to show the recommendation follows from the previous evidence."
002,1,Part-time jobs can first help students manage the financial pressure of education.,satisfactory,The topic sentence clearly introduces the paragraph's main point.
002,1,Many students work not just for spending money.,satisfactory,This sentence follows logically by explaining student motivation.
002,1,"But need help covering rent, transport, food, and other daily costs.",show reason,"Add a reason phrase such as ""but because they need help covering rent, transport, food, and other daily costs"" to complete the connection to the previous sentence."
002,1,I also like watching movies in my spare time.,use elaboration words,"If this sentence were kept, it would need an elaboration phrase such as ""For example,"" but it still does not fit the paragraph."
002,1,"Reporting on a big survey of undergraduate in the United Kingdom, *The Guardian* said that many working students said they were employed to meet living costs, which shows that paid work is often important rather than a lifestyle choice (The Guardian, 2024a).",satisfactory,This source-based evidence clearly supports the financial-pressure point.
002,1,"In the United States, Federal Student Aid (n.d.) said the existence of Federal Work-Study also shows that student employment is officially recognized as one way to support education costs.",satisfactory,This sentence adds another piece of supporting evidence.
002,1,A reasonable amount of paid work can make student life more stable and reduce immediate money worries.,show cause and effect,"Add a result connector such as ""Therefore,"" to show that this conclusion follows from the previous evidence."
002,2,Part-time jobs can also teach practical skills that are difficult to gain from classroom study alone and are important.,satisfactory,The topic sentence clearly introduces the paragraph's main point.
002,2,"Students who work must often learn punctuality, communication, teamwork, and responsibility in real situations.",satisfactory,This sentence clearly develops the topic by listing practical skills.
002,2,"In addition, balancing deadlines, class attendance, and work shifts may make time-management habits stronger.",satisfactory,"""In addition"" clearly signals another supporting point."
002,2,They can also learn to draw in their spare time.,use elaboration words,"If this sentence were kept, it would need an elaboration phrase such as ""For example,"" but it still does not relate to workplace skills."
002,2,"A 2025 article in the *Times of India* said that part-time work can build accountability, confidence, and workplace communication skills that formal study do not always teaching directly (Times of India, 2025).",satisfactory,This evidence clearly supports the skill-development claim.
002,2,Its lessons may help students after graduation because employers usually think both academic knowledge and evidence of dependable work behavior are important.,satisfactory,The reason clause clearly explains why the skills matter.
002,2,"A student who has already handled customers, coworkers, or supervisors may learn more quickly in a professional setting than a student with no work experience.",use elaboration words,"Add an elaboration phrase such as ""For example,"" to show that this sentence illustrates the previous point."
002,3,"However, the benefits of student employment become weaker when work hours are too long or the schedule is too rigid.",satisfactory,"""However"" clearly signals contrast and introduces the paragraph's caution."
002,3,"This point is important because a part-time job should support education, not replace it.",satisfactory,The reason clause clearly explains the previous caution.
002,3,"A second Guardian article on student budgeting and employment also said important to stay focused on academics and choose flexible work when possible, especially campus-based roles that fit study schedules easy.",satisfactory,The word "also" clearly adds another supporting point.
002,3,"Therefore, the main question is not whether students should ever work, but how much they should work and under what conditions.",satisfactory,"""Therefore"" clearly signals the paragraph's conclusion."
003,1,One important reason to include AI in education is that it can reduce teacher workload and expand academic support.,satisfactory,The topic sentence clearly introduces the paragraph's main point.
003,1,"Gallup said that 6 in 10 U.S. public K-12 teachers used AI tools during the 2024-25 school year, and regular users estimated saving 5.9 hours per week, or about six weeks across a school year.",satisfactory,This sentence clearly provides supporting evidence.
003,1,"That time is important because teachers often spend many hours creating materials, changing lessons, and doing administrative work.",satisfactory,The reason clause clearly explains why the evidence matters.
003,1,"If AI helps make worksheets or make materials for different student needs, teachers may spend more effort on feedback and direct instruction.",satisfactory,This sentence clearly explains a practical consequence of the previous point.
003,1,"UNESCO also said that generative AI may help curriculum design, teaching, and learning when its use is carefully validated (Miao & Holmes, 2023).",satisfactory,The word "also" clearly adds another supporting source.
003,1,It can serve a productive role when they support the teacher rather than replacing the teacher.,show cause and effect,"Add a result connector such as ""Therefore,"" to show that this concluding claim follows from the previous evidence."
003,2,A second reason for caution is that AI can interfere with real learning when schools use it without clear limits.,satisfactory,The topic sentence clearly introduces the paragraph's main point.
003,2,"Lee (2025) said that AI has changed the method of cheating more than the amount of cheating, which is an important distinction.",satisfactory,This sentence clearly introduces a caution supported by research.
003,2,"In data from public and charter high schools, 11% of students in 2024 and 15% in 2025 reported using AI to complete an entire assignment, while larger numbers used it to generate ideas or revise work (Lee, 2025).",satisfactory,This sentence clearly elaborates with data.
003,2,These findings show that student use is not all the same.,satisfactory,"""These findings"" clearly links back to the previous evidence."
003,2,"However, they also said that schools cannot ignore the problem.",satisfactory,"""However"" clearly signals contrast while ""also"" adds the next point."
003,2,"When students rely on AI to make a work for them, writing, analysis, and problem solving may become lower.",satisfactory,This sentence clearly explains the negative consequence.
003,2,"UNESCO said that the not enough to regulation leaves institutions unprepared and users unprotected (Miao & Holmes, 2023).",satisfactory,This sentence adds another supporting authority for the caution.
003,2,Responsible use therefore requires more than excitement about innovation.,satisfactory,"""Therefore"" clearly signals the paragraph's conclusion."
003,3,Clear policy and training are the conditions that can make AI educationally useful instead of harmful.,satisfactory,The topic sentence clearly introduces the paragraph's main point.
003,3,"The AI Education Project's aiEDU Pulse found that more than 80% of educators wanted AI-related professional development, while 75% supported teaching students about AI itself (AI Education Project, 2024).",satisfactory,This sentence clearly provides supporting survey evidence.
003,3,"At the same time, 56.9% believed AI was more likely to widen achievement gaps than narrow them (AI Education Project, 2024).",satisfactory,"""At the same time"" clearly adds a related caution."
003,3,Them results suggest that educators do not just want more technology; they want you to make more guidance.,satisfactory,This sentence clearly interprets the survey results.
003,3,"UNESCO's guidance supports this approach by calling for privacy protection, ethical validation, and age-appropriate policy frameworks (Miao & Holmes, 2023).",satisfactory,This sentence clearly adds further support.
003,3,AI literacy can also help students understand when AI is a useful assistant and when it becomes a substitute for thought.,satisfactory,The word "also" clearly adds another benefit.
004,1,Social media is good when adolescents use it to maintain relationships and express themselves.,satisfactory,The topic sentence clearly introduces the paragraph's main point.
004,1,"The U.S. Department of Health and Human Services (2023) said young people use social media to find community and explore their identities.",satisfactory,This sentence clearly provides supporting evidence.
004,1,Social media is an effective way to advertise, too.,add an addition connector,"If this sentence were kept, add an addition connector such as ""In addition,"" but it still does not fit the paragraph's focus."
004,1,"The Surgeon General's advisory said that many young people report feeling good (U.S. Department of Health and Human Services, 2023).",satisfactory,This sentence adds another supporting point.
004,1,Social media is not only harmful.,show cause and effect,"Add a result phrase such as ""For these reasons,"" to show that this conclusion follows from the previous evidence."
004,2,"However, the bad side of social media is easy to see.",satisfactory,"""However"" clearly signals contrast and introduces the paragraph's main point."
004,2,"The U.S. Department of Health and Human Services (2023) said that adolescents who spend more than three hours a day on social media may have double the risk of poor mental health outcomes.",satisfactory,This sentence clearly provides supporting evidence.
004,2,"The same advisory highlights concerns about cyberbullying, harmful content, poor sleep, and body image pressure.",satisfactory,This sentence clearly adds related harms.
004,2,I often have bad sleep because of my social media using too much it is bad.,show reason,"If this sentence were kept, it would need a clearer reason structure, but it still does not fit the paragraph's evidence-based style."
004,2,These risks are not only theoretical.,satisfactory,This sentence clearly prepares for the next evidence.
004,2,"*The Washington Post* (2025) said that 48% of teens now think social media have a mostly negative effect on people their age, and 45% say they spend too much time on it.",satisfactory,This sentence clearly adds supporting evidence.
004,2,This shift is important because it suggests that even frequent users more and more know the bad emotional of too much exposure and interruption.,satisfactory,The reason clause clearly explains the significance of the previous evidence.
004,3,"Because social media produces both good and bad things, the biggest response is neither panic nor passivity.",satisfactory,The topic sentence clearly introduces the paragraph's main point.
004,3,Alluhidan et al. (2024) said that adolescents said about negative experiences most often.,satisfactory,This sentence clearly provides supporting research evidence.
004,3,But they also used social media to find friends and information.,satisfactory,The contrast word "But" clearly adds the positive side of the evidence.
004,3,This mixed pattern suggests that the problem is not simply the existence of social media, but the conditions under which it is used.,satisfactory,This sentence clearly interprets the mixed evidence.
004,3,"Schools and families should try good habits such as time limits and good sleep routines, while technology companies should reduce bad design features and improve safety protections.",show cause and effect,"Add a result connector such as ""Therefore,"" to show that this recommendation follows from the previous reasoning."
004,3,The Surgeon General's advisory also said that collective action from policymakers, companies, caregivers, and young people is important.,satisfactory,The word "also" clearly adds supporting authority.
004,3,"I don't assuming that adolescents alone can manage these risks (U.S. Department of Health and Human Services, 2023).",add a contrast,"Add a contrast phrase such as ""rather than assuming"" to connect this idea properly to the previous sentence."
005,1,Supporters of school uniforms said that it simplify daily school life.,satisfactory,The topic sentence clearly introduces the paragraph's main point.
005,1,It also reduce pressure about fashion.,satisfactory,The word "also" clearly adds another claimed benefit.
005,1,McCarthy (2024) said people believe uniforms can improve life.,satisfactory,This sentence clearly provides supporting evidence.
005,1,These argument are understandable because uniforms can make mornings easier for families.,satisfactory,The reason clause clearly explains why the claims seem reasonable.
005,1,A shared dress standard can create a big visual identity for a school.,add an addition connector,"Add an addition connector such as ""In addition,"" to show that this sentence adds another benefit."
005,1,Uniforms may appear to offer an efficient way to encourage order and equality.,show cause and effect,"Add a result phrase such as ""For these reasons,"" to show that this conclusion follows from the previous points."
005,2,"However, research does not support the claim that uniforms lead to big improvement.",satisfactory,"""However"" clearly signals contrast and introduces the paragraph's main point."
005,2,"Researchers said that uniforms were not a good solution for truancy, behavior problems, substance use, or academic achievement.",satisfactory,This sentence clearly provides supporting evidence.
005,2,This finding is important because many uniform policies are promoted as if they will directly improve student performance.,satisfactory,The reason clause clearly explains why the finding matters.
005,2,More recent evidence agrees.,satisfactory,This sentence clearly signals that the next evidence supports the same point.
005,2,"In a report on France's recent school uniform experiment, Piquet (2026) said that an official assessment released on May 12, 2026 found only limited effects on student behavior and learning, with mixed results for the school climate.",satisfactory,This sentence clearly provides recent evidence.
005,2,Uniforms may change appearance more easily than they change the deeper causes of school problems.,show cause and effect,"Add a result connector such as ""Therefore,"" to show that this conclusion follows from the evidence."
005,3,"In addition, uniforms can create practical and social problems and it is important for schools to think about them.",satisfactory,"""In addition"" clearly signals another main point."
005,3,"McCarthy (2024) noted that uniforms can place a big financial burden on families, especially when schools need specific things from approved sellers.",satisfactory,This sentence clearly provides supporting evidence.
005,3,"Uniforms may also stop student self-expression, which is a big issue during the school years, when identity is still developing.",satisfactory,The word "also" clearly adds another problem.
005,3,We want students to develop a wonderful identity in school.,use elaboration words,"If this sentence were kept, it would need an elaboration phrase such as ""For example,"" but it still does not fit the paragraph's academic development."
005,3,"Furthermore, some uniform designs are not same comfortable for all students.",satisfactory,"""Furthermore"" clearly adds another supporting problem."
005,3,"Weale (2024) said about Cambridge research suggesting that uniforms may reduce physical activity among younger children, especially girls.",satisfactory,This sentence clearly adds source-based support.
005,3,"If a policy makes movement less comfortable or can stop active play, then that policy may work against schools' big educational and health goals.",satisfactory,This conditional sentence clearly explains the consequence of the previous point.
006,1,Club activities can help students feel close.,satisfactory,The topic sentence clearly introduces the paragraph's main point.
006,1,"In general, club activities are organized school-related experiences outside school work and they have clubs, arts, and sports (Wikipedia contributors, 2025).",satisfactory,This sentence clearly defines the activities and gives examples.
006,1,This part of school life is important because it gives students goals and we have a community within a large institution.,satisfactory,The reason clause clearly explains why club activities matter.
006,1,For some students, that connection may be very important.,satisfactory,This sentence clearly emphasizes the previous point.
006,1,Researchers said that among bad treatment children, participation in school clubs help them graduate by 2.54 times.,satisfactory,This sentence clearly adds supporting evidence.
006,1,This means that students can graduate even if they have a bad time.,satisfactory,This sentence clearly interprets the research finding.
006,1,But I am worried if I will graduate.,add a contrast,"If this sentence were kept, add a clearer contrast such as ""However,"" but it still does not fit the paragraph's academic development."
006,1,It suggests that school clubs can make a connection with school strong for poor students.,show cause and effect,"Add a result phrase such as ""Therefore,"" to show that this conclusion follows from the previous evidence."
006,2,"In addition, the benefits of club activities are social and emotional.",satisfactory,"""In addition"" clearly signals another main point."
006,2,Many people think that if they join several activities will improve my grades.,satisfactory,This sentence clearly introduces a common belief that the paragraph will question.
006,2,O'Flaherty et al. (2022) researched club activities.,satisfactory,This sentence clearly introduces research evidence.
006,2,He found that the positive effects became smaller than people think.,satisfactory,This sentence clearly explains the study result.
006,2,"Sports clubs still has beneficial effects for mental health, while art clubs had better interaction between people.",satisfactory,The contrast word "while" clearly compares two kinds of benefits.
006,2,"So, club activities are cannot replace academic work.",show cause and effect,"Use a clearer result phrase such as ""Therefore, club activities should not be defended mainly as an academic shortcut."""
006,2,And I think club activities are more important for friends.,add an addition connector,"If this sentence were kept, it would need an addition connector, but it still does not fit the paragraph's academic style."
006,2,The benefit of clubs lies in helping students build confidence and make good friends.,satisfactory,This sentence clearly concludes the paragraph's point.
006,3,"But sometimes, club activities don't give benefit because students can have too much work.",satisfactory,The topic sentence clearly introduces the paragraph's caution.
006,3,"Owens and Weiss (2017) said young people don't get enough sleep because of club activities, lots of homework and go to school early.",satisfactory,This sentence clearly provides supporting evidence.
006,3,Lack of sleep can damage attention.,satisfactory,This sentence clearly states a consequence.
006,3,It weakens the benefits of clubs.,satisfactory,This sentence clearly links the consequence back to the main point.
006,3,"Fagan et al. (2022) found that non-competitive school sport stop drug use, but other sport was not clear.",satisfactory,The contrast word "but" clearly distinguishes the results.
006,3,Schools should not judge success by the number of activities alone.,satisfactory,This sentence clearly draws a practical conclusion.
006,3,"Instead, they should focus on whether clubs are meaningful, balanced, and connected to student well-being.",satisfactory,"""Instead"" clearly signals the better alternative."
007,1,Convenience stores are important because they are close to the place people live.,satisfactory,The topic sentence clearly introduces the paragraph's main point.
007,1,"The U.S. Department of Agriculture's Economic Research Service explains that its Food Access Research Atlas measures how easy low-income people can reach supermarkets (U.S. Department of Agriculture, Economic Research Service [USDA ERS], 2025).",satisfactory,This sentence clearly provides supporting background evidence.
007,1,This big concern about distance can help explain why small neighborhood stores are important.,satisfactory,This sentence clearly links the background evidence back to the main point.
007,1,About 14% of SNAP benefits in 2024 were spent at convenience stores, which are easier to reach.,add an addition connector,"Add an addition connector such as ""Furthermore,"" to show that this statistic adds support to the previous point."
007,1,"Convenience stores reduce the time and transport barriers that can make regular shopping difficult for working families, older adults, and residents of food deserts.",show cause and effect,"Add a result connector such as ""Therefore,"" to show that this conclusion follows from the previous evidence."
007,2,"Convenience stores are also important because they can make neighborhood economies strong and give important services, not just snacks.",satisfactory,The topic sentence clearly introduces the paragraph's main point.
007,2,Durbin (2025) reports that conveniece stores lose sales when SNAP benefits were delayed.,satisfactory,This sentence clearly provides supporting evidence.
007,2,This shows that these stores are related with local household spending.,satisfactory,"""This shows"" clearly links the sentence back to the previous evidence."
007,2,The same article describes Kansas City convenience stores.,satisfactory,This sentence clearly introduces the next example.
007,2,"It stocked goods from a nonprofit partnership, which means that some stores change to meet community needs and don't rely only on junk food sales.",satisfactory,This sentence clearly explains the example.
007,2,"Small stores are open later than supermarkets and we can get milk, bread, fruit, or cooked food late at night.",add an addition connector,"Add an addition connector such as ""In addition,"" to show that this sentence adds another service benefit."
007,2,A late-night worker can use a convenience store when big supermarkets are closed.,use elaboration words,"Add an elaboration phrase such as ""For example,"" to show that this sentence illustrates the previous point."
007,2,So convenience stores are important for daily life.,show cause and effect,"Use a clearer result connector such as ""These functions help explain why such stores remain woven into daily neighborhood life."""
007,3,"However, convenience stores have important disadvantages.",satisfactory,"""However"" clearly signals contrast and introduces the paragraph's main point."
007,3,Research on rural food environments found that grocery stores were better than convenience stores for getting healthy food.,satisfactory,This sentence clearly provides supporting evidence.
007,3,"Supermarkets have more stronger nutritious food than convenience stores (McCormack et al., 2021).",satisfactory,This sentence clearly adds more support for the limitation.
007,3,"So people can reach convenience stores easily, but it does not always have healthy food.",satisfactory,The contrast word "but" clearly explains the limitation of convenience.
007,3,It is important to have healthy food to raise a young children.,use elaboration words,"If this sentence were kept, it would need an elaboration phrase such as ""For example,"" but it still does not fit the paragraph's focus."
007,3,"So, I think that communities that use convenience stores have bad diets.",show cause and effect,"Use a clearer result phrase such as ""As a result,"" to show that the conclusion follows from the previous point."
007,3,"Convenience stores can help reduce distance barriers, but they do not help people have a good diet.",satisfactory,The contrast word "but" clearly summarizes the main limitation.
008,1,Anime and manga now function as a useful international business as well as an art form.,satisfactory,The topic sentence clearly introduces the paragraph's main point.
008,1,"The *Financial Times* showed that the global anime market reached 3.4 trillion yen in 2023, and more than half of anime revenue came from outside Japan (Financial Times, 2025).",satisfactory,This sentence clearly provides supporting market evidence.
008,1,That figure showed that anime is part of the global entertainment economy, not a small domestic product.,satisfactory,This sentence clearly explains the significance of the previous evidence.
008,1,"Matt Alt (2025) showed that popular manga series are licensed for animation and then streamed internationally, creating a cycle in which books promote shows and shows promote books.",add an addition connector,"Add an addition connector such as ""In addition,"" to show that this sentence adds another supporting point."
008,1,"This relationship showed why comics and shows such as *Naruto* and *Demon Slayer* are international.",satisfactory,This sentence clearly interprets the previous point.
008,1,"Therefore, anime and manga succeed not only because of artistic appeal but also because they reinforce each other commercially.",satisfactory,"""Therefore"" clearly signals the paragraph's conclusion."
008,2,Anime and manga also create cultural connections.,satisfactory,The topic sentence clearly introduces the paragraph's main point.
008,2,"According to the Anime Tourism Association, its mission is to organize ""Japanese Anime 88-Spots"" and connect local regions, companies, and content holders in order to welcome tourists and encourage new economic growth (Anime Tourism Association, n.d.).",satisfactory,This sentence clearly provides supporting evidence.
008,2,"Also, anime can foster connections between people in a local area because people from the local area can sometimes come from different cultures and make Japanese anime more popular around the world.",satisfactory,The addition connector and reason clause clearly show another cultural effect.
008,2,This goal shows how fictional stories can change the local area in a good way.,satisfactory,This sentence clearly explains the significance of the previous point.
008,2,"Fans often want to visit the landscapes, shrines, train stations, or neighborhoods where an anime series was based on.",use elaboration words,"Add an elaboration phrase such as ""For example,"" to show that this sentence illustrates the previous claim."
008,2,"In addition, this tourism introduces international visitors to local Japanese communities that might otherwise receive less attention.",satisfactory,"""In addition"" clearly adds another benefit."
008,2,"As a result, anime and manga can act as bridges between media consumption and regional development.",satisfactory,"""As a result"" clearly signals the paragraph's conclusion."
008,3,"However, the success of anime and manga brings serious costs.",satisfactory,"""However"" clearly signals contrast and introduces the paragraph's main point."
008,3,"Alt (2025) describes the world of *Weekly Shonen Jump* as one of relentless deadlines, intense reader rankings, and heavy physical and mental pressure on creators.",satisfactory,This sentence clearly provides supporting evidence.
008,3,"He notes that serialized artists can feel trapped in a constant cycle of ""next, next, next,"" and that health concerns have pushed the industry to create more support systems.",satisfactory,This sentence clearly adds more evidence.
008,3,"This evidence suggests that global demand may reward speed and dependable franchises more than experimentation.",satisfactory,"""This evidence"" clearly links back to the previous details."
008,3,This means that maybe the original idea of anime is getting lost.,satisfactory,This sentence clearly interprets the previous evidence.
008,3,Like some people can't create new things.,use elaboration words,"Add an elaboration phrase such as ""In other words,"" to connect this sentence more clearly to the previous one."
008,3,"In the same article, Alt argues that reader surveys and franchise logic can encourage sameness in content, even while they produce major hits.",satisfactory,This sentence clearly adds more support from the same source.
008,3,"However effective this system may be in business terms, it risks exhausting artists and narrowing the range of stories that reach audiences.",satisfactory,This sentence clearly concludes the warning about commercialization.
009,1,Video games can help brain development.,satisfactory,The topic sentence clearly introduces the paragraph's main point.
009,1,"Mayer (2022) reports on a JAMA Network Open study of more than 2,200 children ages only nine and ten and he found that children who played video games had stronger performance on memory tests.",satisfactory,This sentence clearly provides supporting research evidence.
009,1,"So I think that playing games can be good for children.",show cause and effect,"Use a more academic result phrase such as ""However, the results still suggest..."" rather than a personal conclusion."
009,1,"This information does not prove that video games caused brain development (Mayer, 2022).",satisfactory,This sentence clearly adds a caution about causation.
009,1,"So, the results still suggest that games can involve problem solving rather than passive screen use.",satisfactory,"""So"" clearly signals the paragraph's concluding interpretation."
009,2,Video games can also make social connection stronger among teenagers.,satisfactory,The topic sentence clearly introduces the paragraph's main point.
009,2,"56% of U.S. teenagers say games help their problem-solving skills, 47% say games help them build friendships, and 41% say games make it easier to work with other people.",satisfactory,This sentence clearly provides supporting evidence.
009,2,"In addition, Lenhart (2015) found that 78% of teenagers felt more connected to people they already knew when they played online together.",satisfactory,"""In addition"" clearly adds another supporting point."
009,2,"So, this evidence is important because it means that gaming is not always by yourself.",satisfactory,The reason clause clearly explains the significance of the evidence.
009,2,Many games must have cooperation and regular communication.,satisfactory,This sentence clearly explains how gaming creates social interaction.
009,2,Communication is important for teenagers when they are growing up.,use elaboration words,"If this sentence were kept, it would need an elaboration phrase such as ""For example,"" but it still shifts away from the gaming focus."
009,2,Multiplayer games ask players to plan strategies and divide tasks.,use elaboration words,"Add an elaboration phrase such as ""For example,"" to show that this sentence illustrates the previous claim."
009,2,"So gaming can be a real social space and not only an escape from social life.",satisfactory,"""So"" clearly signals the paragraph's conclusion."
009,3,"However, we have to have a good balance of gaming.",satisfactory,"""However"" clearly signals contrast and introduces the paragraph's main point."
009,3,"41% of teenagers say games have damaged the amount they sleep, and 43% said about harassment from other people.",satisfactory,This sentence clearly provides supporting evidence about harms.
009,3,These findings show that the gaming can cause problems even if people enjoy benefits.,satisfactory,This sentence clearly explains the significance of the evidence.
009,3,I think we must be careful of the big problems because of the games.,show reason,"Use a more academic reason/result statement instead of a first-person opinion."
009,3,The World Health Organization (n.d.) also recognizes sometimes people continue to play games even if it has negative effects on them.,satisfactory,The word "also" clearly adds another supporting point.
009,3,The WHO adds that this problem affects only a small proportion of gamers.,satisfactory,This sentence clearly qualifies the previous point.
009,3,"So, the main lesson is not that video games are only dangerous, but playing too much can become damage when it stops people to rest, study, or make good friends.",satisfactory,"""So"" clearly signals the paragraph's conclusion."
010,1,Music festivals are important because they help build community.,satisfactory,The topic sentence clearly introduces the paragraph's main point.
010,1,"In New Zealand, Henry Oliver (2026) describes festivals as a cultural rite of passage.",satisfactory,This sentence clearly provides supporting evidence.
010,1,He notes that they are also launch pads for new artists.,satisfactory,The word "also" clearly adds another supporting point.
010,1,That role matters because festivals do not only show famous performers; they also give small acts a chance to reach a big audience.,satisfactory,The reason clause clearly explains why festivals matter for artists.
010,1,Festivals bring together different people together even if they have different ages, neighborhoods, or tastes.,satisfactory,This sentence clearly adds another community benefit.
010,1,Even when the music is the main thing, the event can still create a feeling of being together with new people.,satisfactory,This sentence clearly develops the point about shared experience.
010,1,"So, the cultural value of festivals is not only in entertainment but also in the networks and opportunities they create.",satisfactory,"""So"" clearly signals the paragraph's conclusion."
010,2,Music festivals also make economic benefits for host cities.,satisfactory,The topic sentence clearly introduces the paragraph's main point.
010,2,Treefort Music Fest 2025 supported 128799 jobs.,satisfactory,This sentence clearly provides economic evidence.
010,2,"It also made about $4.7 million in labor income, and made roughly $15.8 million across Idaho.",satisfactory,The word "also" clearly adds more economic evidence.
010,2,The report said it made about $1.4 million in taxes.,satisfactory,This sentence clearly adds another economic figure.
010,2,These figures show that money from festivalds also comes from hotels, restaurants, and transport.,satisfactory,This sentence clearly explains the significance of the figures.
010,2,Festivals get attention from leaders who want to make tourism stronger.,satisfactory,This sentence clearly adds a civic consequence of the economic benefits.
010,2,"So, the argument is stronger when the benefits can reach local workers and businesses.",satisfactory,"""So"" clearly signals a conclusion from the previous evidence."
010,2,"So, festivals that make both the music scene and also the economy stronger has stronger public support.",show cause and effect,"Use a clearer result statement such as ""A festival that strengthens both the music scene and the surrounding economy has a stronger claim to public support."""
010,3,Music festivals face many problems.,satisfactory,The topic sentence clearly introduces the paragraph's main point.
010,3,"Leah Thomas (2023) shows that even a well-known festival such as Coachella needs many systems for trash, and reducing plastic pollution needs policy changes.",satisfactory,This sentence clearly provides supporting evidence.
010,3,"In addition, Jim Ottewill (2026) reports that festivals discussed in the UK Parliament generate 25,800 tonnes of waste, 22,876 tonnes of CO2, and use 185 million litres of water every year.",satisfactory,"""In addition"" clearly adds another supporting point."
010,3,"The same article offers evidence that improvement is possible: Massive Attack's 2024 Act 1.5 event reduced energy-related greenhouse gas emissions by 98 percent and made an 89 percent recycling rate (Ottewill, 2026).",satisfactory,This sentence clearly adds a contrasting example of improvement.
010,3,"Money is also part of the problem, since Oliver (2026) notes that many independent festivals are struggling to survive.",satisfactory,The word "also" clearly adds the financial concern.
010,3,"So, festivals should be judged not only by their lineups but also by how seriously organizers address waste, transport, and long-term viability.",satisfactory,"""So"" clearly signals the paragraph's conclusion."
