ESSAY_ID,PARA_NUM,SENTENCE,BEHAVIOR,COMMENT
001,1,Wearable fitness devices can help healthier lifestyles by helping students monitor important daily habits a lot.,topic sentence,Main idea: devices help students monitor health habits.
001,1,"Many of these things help count steps, record physical activity, and give reminders to move a lot during the day.",elaborates an earlier sentence,Gives examples of how the devices support health monitoring.
001,1,"In addition, sleep tracking can help students notice patterns in bedtime, waking time, and rest quality.",elaborates an earlier sentence,Adds another way the devices support healthy habits.
001,1,"According to Knaus (2025), sleep trackers can help habits and help users identify things that influence rest, such as exercise or caffeine.",elaborates an earlier sentence,Provides source-based support about sleep tracking.
001,1,This kind of information may help students to make good changes in their routines.,elaborates an earlier sentence,Explains the practical value of the tracked information.
001,1,Wearable devices can cause problems with blood pressure.,introduces a new idea,Introduces a new health-risk claim unrelated to the paragraph's positive focus.
001,1,"Wearable devices Wikipedia contributors (2026) also note that wearable technology is used a lot for health and fitness purposes, which shows that these devices are often linked to self-monitoring and personal improvement.",elaborates an earlier sentence,Returns to supporting evidence about health and fitness use.
001,1,"Therefore, wearable devices can be helpful because they make health information more visible in everyday life.",elaborates an earlier sentence,Concludes the paragraph's positive point.
001,2,Wearable devices are also useful because they can reveal a lot of real patterns in student life that might be ignored.,topic sentence,Main idea: devices reveal patterns in student life that students may miss.
001,2,"I believe that sleep enough or exercise enough, but data from wearable devices show me a different things.",elaborates an earlier sentence,Develops the point that personal perception can differ from device data.
001,2,"In one study, first-semester college students and found late sleep schedules, social jetlag, and signs of chronic sleep debt through wearable data.",elaborates an earlier sentence,Adds research evidence about hidden student sleep problems.
001,2,"I agree because sometimes I don't eat breakfast in the morning.",introduces a new idea,Introduces a personal breakfast example that does not support the paragraph's focus on wearable sleep/activity data.
001,2,"This finding is useful because it suggests that students often feel hard with rest even when they do not fully know the problem.",elaborates an earlier sentence,Explains the significance of the study finding.
001,2,"Better awareness of sleep and activity patterns may help students improve focus, mood, and energy for study.",elaborates an earlier sentence,Shows the possible benefits of that awareness.
001,2,Its device can give students useful evidence about habits that affect learning.,elaborates an earlier sentence,Adds another benefit of wearable evidence for learning habits.
001,2,"In this way, wearable devices may support student success indirectly through greater self-awareness.",elaborates an earlier sentence,Sums up how self-awareness supports student success.
001,3,"However, wearable fitness devices also have serious limitations.",topic sentence,Main idea: wearable devices have serious limitations.
001,3,"First, they do not automatically create lasting behavior change.",elaborates an earlier sentence,Introduces the first limitation.
001,3,"Oaklander (2016) reported that many people stop using fitness trackers over time, which suggests that the device alone is not enough to build long-term healthy habits.",elaborates an earlier sentence,Provides evidence for the weak long-term behavior-change claim.
001,3,"Second, wearable devices collect personal data, and this creates privacy concerns.",elaborates an earlier sentence,Introduces the second limitation.
001,3,"Reed (2026) explained that connecting wearable information with medical records can expose sensitive health data and increase uncertainty about how such data is used.",elaborates an earlier sentence,Provides evidence for the privacy concern.
001,3,"Finally, sleep tracking may create unnecessary anxiety instead of improving health.",elaborates an earlier sentence,Introduces the third limitation.
001,3,"Colino (2025) described the problem of ""orthosomnia,"" in which people become so focused on perfect sleep scores that the pressure itself harms sleep.",elaborates an earlier sentence,Provides evidence for the anxiety limitation.
001,3,Wearable devices should be treated as helpful tools rather than perfect guides.,elaborates an earlier sentence,Concludes from the limitations described above.
002,1,Part-time jobs can first help students manage the financial pressure of education.,topic sentence,Main idea: part-time jobs help students manage education costs.
002,1,Many students work not just for spending money.,elaborates an earlier sentence,Introduces one reason students work.
002,1,"But need help covering rent, transport, food, and other daily costs.",elaborates an earlier sentence,Clarifies the financial reasons for working.
002,1,I also like watching movies in my spare time.,introduces a new idea,Introduces a personal hobby unrelated to student employment.
002,1,"Reporting on a big survey of undergraduate in the United Kingdom, *The Guardian* said that many working students said they were employed to meet living costs, which shows that paid work is often important rather than a lifestyle choice (The Guardian, 2024a).",elaborates an earlier sentence,Provides evidence that work is financially necessary.
002,1,"In the United States, Federal Student Aid (n.d.) said the existence of Federal Work-Study also shows that student employment is officially recognized as one way to support education costs.",elaborates an earlier sentence,Adds supporting evidence from U.S. policy.
002,1,A reasonable amount of paid work can make student life more stable and reduce immediate money worries.,elaborates an earlier sentence,Concludes the financial-support point.
002,2,Part-time jobs can also teach practical skills that are difficult to gain from classroom study alone and are important.,topic sentence,Main idea: part-time jobs teach practical skills beyond classroom study.
002,2,"Students who work must often learn punctuality, communication, teamwork, and responsibility in real situations.",elaborates an earlier sentence,Lists practical skills students can learn.
002,2,"In addition, balancing deadlines, class attendance, and work shifts may make time-management habits stronger.",elaborates an earlier sentence,Adds another skill benefit.
002,2,They can also learn to draw in their spare time.,introduces a new idea,Introduces an unrelated hobby rather than a work skill.
002,2,"A 2025 article in the *Times of India* said that part-time work can build accountability, confidence, and workplace communication skills that formal study do not always teaching directly (Times of India, 2025).",elaborates an earlier sentence,Provides source-based support about skill development.
002,2,Its lessons may help students after graduation because employers usually think both academic knowledge and evidence of dependable work behavior are important.,elaborates an earlier sentence,Explains why those skills matter after graduation.
002,2,"A student who has already handled customers, coworkers, or supervisors may learn more quickly in a professional setting than a student with no work experience.",elaborates an earlier sentence,Gives an example of how work experience helps.
002,3,"However, the benefits of student employment become weaker when work hours are too long or the schedule is too rigid.",topic sentence,Main idea: student jobs are less beneficial when hours or schedules become excessive.
002,3,"This point is important because a part-time job should support education, not replace it.",elaborates an earlier sentence,Explains why excessive work is a problem.
002,3,"A second Guardian article on student budgeting and employment also said important to stay focused on academics and choose flexible work when possible, especially campus-based roles that fit study schedules easy.",elaborates an earlier sentence,Provides supporting advice about balancing work and study.
002,3,"Therefore, the main question is not whether students should ever work, but how much they should work and under what conditions.",elaborates an earlier sentence,Concludes that balance and conditions matter most.
003,1,One important reason to include AI in education is that it can reduce teacher workload and expand academic support.,topic sentence,Main idea: AI can reduce teacher workload and expand support.
003,1,"Gallup said that 6 in 10 U.S. public K-12 teachers used AI tools during the 2024-25 school year, and regular users estimated saving 5.9 hours per week, or about six weeks across a school year.",elaborates an earlier sentence,Provides evidence about teacher time savings.
003,1,"That time is important because teachers often spend many hours creating materials, changing lessons, and doing administrative work.",elaborates an earlier sentence,Explains why the saved time matters.
003,1,"If AI helps make worksheets or make materials for different student needs, teachers may spend more effort on feedback and direct instruction.",elaborates an earlier sentence,Explains how AI can shift teacher effort.
003,1,"UNESCO also said that generative AI may help curriculum design, teaching, and learning when its use is carefully validated (Miao & Holmes, 2023).",elaborates an earlier sentence,Adds supporting evidence from UNESCO.
003,1,It can serve a productive role when they support the teacher rather than replacing the teacher.,elaborates an earlier sentence,Concludes that AI should support teachers rather than replace them.
003,2,A second reason for caution is that AI can interfere with real learning when schools use it without clear limits.,topic sentence,Main idea: AI can harm learning when used without clear limits.
003,2,"Lee (2025) said that AI has changed the method of cheating more than the amount of cheating, which is an important distinction.",elaborates an earlier sentence,Introduces a research-based caution about cheating.
003,2,"In data from public and charter high schools, 11% of students in 2024 and 15% in 2025 reported using AI to complete an entire assignment, while larger numbers used it to generate ideas or revise work (Lee, 2025).",elaborates an earlier sentence,Provides evidence about different forms of AI use.
003,2,These findings show that student use is not all the same.,elaborates an earlier sentence,Interprets the previous data.
003,2,"However, they also said that schools cannot ignore the problem.",elaborates an earlier sentence,Adds the point that schools must still respond.
003,2,"When students rely on AI to make a work for them, writing, analysis, and problem solving may become lower.",elaborates an earlier sentence,Explains the risk to student thinking.
003,2,"UNESCO said that the not enough to regulation leaves institutions unprepared and users unprotected (Miao & Holmes, 2023).",elaborates an earlier sentence,Adds supporting evidence about weak regulation.
003,2,Responsible use therefore requires more than excitement about innovation.,elaborates an earlier sentence,Concludes that caution and control are needed.
003,3,Clear policy and training are the conditions that can make AI educationally useful instead of harmful.,topic sentence,Main idea: policy and training make AI more useful and less harmful.
003,3,"The AI Education Project's aiEDU Pulse found that more than 80% of educators wanted AI-related professional development, while 75% supported teaching students about AI itself (AI Education Project, 2024).",elaborates an earlier sentence,Provides evidence that educators want training.
003,3,"At the same time, 56.9% believed AI was more likely to widen achievement gaps than narrow them (AI Education Project, 2024).",elaborates an earlier sentence,Adds evidence about concern over inequality.
003,3,Them results suggest that educators do not just want more technology; they want you to make more guidance.,elaborates an earlier sentence,Interprets the survey results as a call for better guidance.
003,3,"UNESCO's guidance supports this approach by calling for privacy protection, ethical validation, and age-appropriate policy frameworks (Miao & Holmes, 2023).",elaborates an earlier sentence,Adds support from UNESCO guidance.
003,3,AI literacy can also help students understand when AI is a useful assistant and when it becomes a substitute for thought.,elaborates an earlier sentence,Explains an additional benefit of training.
004,1,Social media is good when adolescents use it to maintain relationships and express themselves.,topic sentence,Main idea: social media can benefit adolescents through relationships and self-expression.
004,1,"The U.S. Department of Health and Human Services (2023) said young people use social media to find community and explore their identities.",elaborates an earlier sentence,Provides supporting evidence about social-media benefits.
004,1,Social media is an effective way to advertise, too.,introduces a new idea,Introduces advertising, which is unrelated to adolescent well-being in this paragraph.
004,1,"The Surgeon General's advisory said that many young people report feeling good (U.S. Department of Health and Human Services, 2023).",elaborates an earlier sentence,Adds more support about positive experiences.
004,1,Social media is not only harmful.,elaborates an earlier sentence,Concludes the paragraph's positive point.
004,2,"However, the bad side of social media is easy to see.",topic sentence,Main idea: social media has clear harmful effects.
004,2,"The U.S. Department of Health and Human Services (2023) said that adolescents who spend more than three hours a day on social media may have double the risk of poor mental health outcomes.",elaborates an earlier sentence,Provides evidence about mental-health risk.
004,2,"The same advisory highlights concerns about cyberbullying, harmful content, poor sleep, and body image pressure.",elaborates an earlier sentence,Adds more harms from the advisory.
004,2,I often have bad sleep because of my social media using too much it is bad.,introduces a new idea,Introduces a first-person personal anecdote instead of evidence-based development.
004,2,These risks are not only theoretical.,elaborates an earlier sentence,Transitions to supporting evidence.
004,2,"*The Washington Post* (2025) said that 48% of teens now think social media have a mostly negative effect on people their age, and 45% say they spend too much time on it.",elaborates an earlier sentence,Provides evidence that teens recognize the harms.
004,2,This shift is important because it suggests that even frequent users more and more know the bad emotional of too much exposure and interruption.,elaborates an earlier sentence,Explains the significance of the previous evidence.
004,3,"Because social media produces both good and bad things, the biggest response is neither panic nor passivity.",topic sentence,Main idea: a balanced response to social media is best.
004,3,Alluhidan et al. (2024) said that adolescents said about negative experiences most often.,elaborates an earlier sentence,Provides research evidence about mixed experiences.
004,3,But they also used social media to find friends and information.,elaborates an earlier sentence,Adds the positive side of those experiences.
004,3,This mixed pattern suggests that the problem is not simply the existence of social media, but the conditions under which it is used.,elaborates an earlier sentence,Interprets the mixed evidence.
004,3,"Schools and families should try good habits such as time limits and good sleep routines, while technology companies should reduce bad design features and improve safety protections.",elaborates an earlier sentence,Offers a practical response to the problem.
004,3,The Surgeon General's advisory also said that collective action from policymakers, companies, caregivers, and young people is important.,elaborates an earlier sentence,Adds support for a broad response.
004,3,"I don't assuming that adolescents alone can manage these risks (U.S. Department of Health and Human Services, 2023).",introduces a new idea,Shifts to first person instead of continuing the academic explanation.
005,1,Supporters of school uniforms said that it simplify daily school life.,topic sentence,Main idea: supporters say uniforms make school life simpler.
005,1,It also reduce pressure about fashion.,elaborates an earlier sentence,Adds another claimed benefit of uniforms.
005,1,McCarthy (2024) said people believe uniforms can improve life.,elaborates an earlier sentence,Provides source-based support for supporters' claims.
005,1,These argument are understandable because uniforms can make mornings easier for families.,elaborates an earlier sentence,Explains why the supporters' claims seem reasonable.
005,1,A shared dress standard can create a big visual identity for a school.,elaborates an earlier sentence,Adds another possible benefit of uniforms.
005,1,Uniforms may appear to offer an efficient way to encourage order and equality.,elaborates an earlier sentence,Concludes the paragraph's supporting point.
005,2,"However, research does not support the claim that uniforms lead to big improvement.",topic sentence,Main idea: research does not strongly support major benefits from uniforms.
005,2,"Researchers said that uniforms were not a good solution for truancy, behavior problems, substance use, or academic achievement.",elaborates an earlier sentence,Provides evidence against strong uniform benefits.
005,2,This finding is important because many uniform policies are promoted as if they will directly improve student performance.,elaborates an earlier sentence,Explains why the finding matters.
005,2,More recent evidence agrees.,elaborates an earlier sentence,Adds that newer evidence supports the same conclusion.
005,2,"In a report on France's recent school uniform experiment, Piquet (2026) said that an official assessment released on May 12, 2026 found only limited effects on student behavior and learning, with mixed results for the school climate.",elaborates an earlier sentence,Provides recent evidence from France.
005,2,Uniforms may change appearance more easily than they change the deeper causes of school problems.,elaborates an earlier sentence,Concludes that uniforms affect appearance more than deeper issues.
005,3,"In addition, uniforms can create practical and social problems and it is important for schools to think about them.",topic sentence,Main idea: uniforms can create practical and social problems.
005,3,"McCarthy (2024) noted that uniforms can place a big financial burden on families, especially when schools need specific things from approved sellers.",elaborates an earlier sentence,Provides evidence about cost burdens.
005,3,"Uniforms may also stop student self-expression, which is a big issue during the school years, when identity is still developing.",elaborates an earlier sentence,Adds a concern about self-expression.
005,3,We want students to develop a wonderful identity in school.,introduces a new idea,Shifts to a vague first-person statement instead of developing the argument academically.
005,3,"Furthermore, some uniform designs are not same comfortable for all students.",elaborates an earlier sentence,Introduces another practical problem with uniforms.
005,3,"Weale (2024) said about Cambridge research suggesting that uniforms may reduce physical activity among younger children, especially girls.",elaborates an earlier sentence,Provides research support about reduced physical activity.
005,3,"If a policy makes movement less comfortable or can stop active play, then that policy may work against schools' big educational and health goals.",elaborates an earlier sentence,Explains the broader consequence of restrictive uniforms.
006,1,Club activities can help students feel close.,topic sentence,Main idea: club activities help students feel connected.
006,1,"In general, club activities are organized school-related experiences outside school work and they have clubs, arts, and sports (Wikipedia contributors, 2025).",elaborates an earlier sentence,Defines club activities and gives examples.
006,1,This part of school life is important because it gives students goals and we have a community within a large institution.,elaborates an earlier sentence,Explains why club activities matter for belonging.
006,1,For some students, that connection may be very important.,elaborates an earlier sentence,Emphasizes the importance of belonging for some students.
006,1,Researchers said that among bad treatment children, participation in school clubs help them graduate by 2.54 times.,elaborates an earlier sentence,Provides evidence about graduation outcomes.
006,1,This means that students can graduate even if they have a bad time.,elaborates an earlier sentence,Interprets the previous research finding.
006,1,But I am worried if I will graduate.,introduces a new idea,Introduces a first-person personal concern instead of developing the research point.
006,1,It suggests that school clubs can make a connection with school strong for poor students.,elaborates an earlier sentence,Concludes that clubs strengthen school attachment.
006,2,"In addition, the benefits of club activities are social and emotional.",topic sentence,Main idea: the benefits of club activities are mainly social and emotional.
006,2,Many people think that if they join several activities will improve my grades.,elaborates an earlier sentence,Introduces a common assumption about academic benefits.
006,2,O'Flaherty et al. (2022) researched club activities.,elaborates an earlier sentence,Introduces research evidence about extracurricular activities.
006,2,He found that the positive effects became smaller than people think.,elaborates an earlier sentence,Explains the research result.
006,2,"Sports clubs still has beneficial effects for mental health, while art clubs had better interaction between people.",elaborates an earlier sentence,Adds details about different kinds of benefits.
006,2,"So, club activities are cannot replace academic work.",elaborates an earlier sentence,Draws a conclusion about academic limits.
006,2,And I think club activities are more important for friends.,introduces a new idea,Shifts to a first-person opinion instead of continuing the evidence-based explanation.
006,2,The benefit of clubs lies in helping students build confidence and make good friends.,elaborates an earlier sentence,Concludes the paragraph with the social value of clubs.
006,3,"But sometimes, club activities don't give benefit because students can have too much work.",topic sentence,Main idea: club activities can become harmful when they create too much pressure.
006,3,"Owens and Weiss (2017) said young people don't get enough sleep because of club activities, lots of homework and go to school early.",elaborates an earlier sentence,Provides evidence about sleep problems.
006,3,Lack of sleep can damage attention.,elaborates an earlier sentence,States one consequence of insufficient sleep.
006,3,It weakens the benefits of clubs.,elaborates an earlier sentence,Links sleep problems back to the value of clubs.
006,3,"Fagan et al. (2022) found that non-competitive school sport stop drug use, but other sport was not clear.",elaborates an earlier sentence,Adds evidence about differences across types of sport.
006,3,Schools should not judge success by the number of activities alone.,elaborates an earlier sentence,Draws a practical conclusion.
006,3,"Instead, they should focus on whether clubs are meaningful, balanced, and connected to student well-being.",elaborates an earlier sentence,Refines the recommendation.
007,1,Convenience stores are important because they are close to the place people live.,topic sentence,Main idea: convenience stores matter because they are nearby.
007,1,"The U.S. Department of Agriculture's Economic Research Service explains that its Food Access Research Atlas measures how easy low-income people can reach supermarkets (U.S. Department of Agriculture, Economic Research Service [USDA ERS], 2025).",elaborates an earlier sentence,Provides background evidence about access and distance.
007,1,This big concern about distance can help explain why small neighborhood stores are important.,elaborates an earlier sentence,Links the broader access concern back to neighborhood stores.
007,1,About 14% of SNAP benefits in 2024 were spent at convenience stores, which are easier to reach.,elaborates an earlier sentence,Adds evidence that people use nearby smaller stores.
007,1,"Convenience stores reduce the time and transport barriers that can make regular shopping difficult for working families, older adults, and residents of food deserts.",elaborates an earlier sentence,Concludes the paragraph's access point.
007,2,"Convenience stores are also important because they can make neighborhood economies strong and give important services, not just snacks.",topic sentence,Main idea: convenience stores support neighborhood economies and practical services.
007,2,Durbin (2025) reports that conveniece stores lose sales when SNAP benefits were delayed.,elaborates an earlier sentence,Provides evidence about stores' economic role.
007,2,This shows that these stores are related with local household spending.,elaborates an earlier sentence,Explains the significance of the sales evidence.
007,2,The same article describes Kansas City convenience stores.,elaborates an earlier sentence,Introduces a specific example from the same source.
007,2,"It stocked goods from a nonprofit partnership, which means that some stores change to meet community needs and don't rely only on junk food sales.",elaborates an earlier sentence,Explains how some stores adapt to local needs.
007,2,"Small stores are open later than supermarkets and we can get milk, bread, fruit, or cooked food late at night.",elaborates an earlier sentence,Adds another practical service benefit.
007,2,A late-night worker can use a convenience store when big supermarkets are closed.,elaborates an earlier sentence,Gives an example of that practical service.
007,2,So convenience stores are important for daily life.,elaborates an earlier sentence,Concludes the paragraph's practical-services point.
007,3,"However, convenience stores have important disadvantages.",topic sentence,Main idea: convenience stores have significant limitations.
007,3,Research on rural food environments found that grocery stores were better than convenience stores for getting healthy food.,elaborates an earlier sentence,Provides evidence about weaker healthy-food access.
007,3,"Supermarkets have more stronger nutritious food than convenience stores (McCormack et al., 2021).",elaborates an earlier sentence,Adds supporting detail about nutritional differences.
007,3,"So people can reach convenience stores easily, but it does not always have healthy food.",elaborates an earlier sentence,Explains that access does not guarantee healthy options.
007,3,It is important to have healthy food to raise a young children.,introduces a new idea,Introduces a general child-raising point instead of developing the paragraph's main argument.
007,3,"So, I think that communities that use convenience stores have bad diets.",elaborates an earlier sentence,Draws a conclusion about diet quality.
007,3,"Convenience stores can help reduce distance barriers, but they do not help people have a good diet.",elaborates an earlier sentence,Concludes the paragraph's limitation point.
008,1,Anime and manga now function as a useful international business as well as an art form.,topic sentence,Main idea: anime and manga are both a global business and an art form.
008,1,"The *Financial Times* showed that the global anime market reached 3.4 trillion yen in 2023, and more than half of anime revenue came from outside Japan (Financial Times, 2025).",elaborates an earlier sentence,Provides evidence about the global anime market.
008,1,That figure showed that anime is part of the global entertainment economy, not a small domestic product.,elaborates an earlier sentence,Explains the significance of the market figure.
008,1,"Matt Alt (2025) showed that popular manga series are licensed for animation and then streamed internationally, creating a cycle in which books promote shows and shows promote books.",elaborates an earlier sentence,Adds evidence about the manga-anime business cycle.
008,1,"This relationship showed why comics and shows such as *Naruto* and *Demon Slayer* are international.",elaborates an earlier sentence,Explains how franchises travel globally.
008,1,"Therefore, anime and manga succeed not only because of artistic appeal but also because they reinforce each other commercially.",elaborates an earlier sentence,Concludes the paragraph's commercial point.
008,2,Anime and manga also create cultural connections.,topic sentence,Main idea: anime and manga create cultural connections.
008,2,"According to the Anime Tourism Association, its mission is to organize ""Japanese Anime 88-Spots"" and connect local regions, companies, and content holders in order to welcome tourists and encourage new economic growth (Anime Tourism Association, n.d.).",elaborates an earlier sentence,Provides supporting evidence about anime tourism.
008,2,"Also, anime can foster connections between people in a local area because people from the local area can sometimes come from different cultures and make Japanese anime more popular around the world.",elaborates an earlier sentence,Adds another way anime builds cultural connection.
008,2,This goal shows how fictional stories can change the local area in a good way.,elaborates an earlier sentence,Explains the significance of the tourism goal.
008,2,"Fans often want to visit the landscapes, shrines, train stations, or neighborhoods where an anime series was based on.",elaborates an earlier sentence,Gives an example of anime tourism.
008,2,"In addition, this tourism introduces international visitors to local Japanese communities that might otherwise receive less attention.",elaborates an earlier sentence,Adds another cultural effect of tourism.
008,2,"As a result, anime and manga can act as bridges between media consumption and regional development.",elaborates an earlier sentence,Concludes the paragraph's cultural-connection point.
008,3,"However, the success of anime and manga brings serious costs.",topic sentence,Main idea: the success of anime and manga creates serious costs.
008,3,"Alt (2025) describes the world of *Weekly Shonen Jump* as one of relentless deadlines, intense reader rankings, and heavy physical and mental pressure on creators.",elaborates an earlier sentence,Provides evidence about industry pressure.
008,3,"He notes that serialized artists can feel trapped in a constant cycle of ""next, next, next,"" and that health concerns have pushed the industry to create more support systems.",elaborates an earlier sentence,Adds more detail about creator pressure.
008,3,"This evidence suggests that global demand may reward speed and dependable franchises more than experimentation.",elaborates an earlier sentence,Interprets the evidence about industry pressure.
008,3,This means that maybe the original idea of anime is getting lost.,elaborates an earlier sentence,Develops the concern about reduced experimentation.
008,3,Like some people can't create new things.,elaborates an earlier sentence,Continues the point about limited creativity.
008,3,"In the same article, Alt argues that reader surveys and franchise logic can encourage sameness in content, even while they produce major hits.",elaborates an earlier sentence,Adds more support about commercial sameness.
008,3,"However effective this system may be in business terms, it risks exhausting artists and narrowing the range of stories that reach audiences.",elaborates an earlier sentence,Concludes the paragraph's warning about industry costs.
009,1,Video games can help brain development.,topic sentence,Main idea: video games may support cognitive development.
009,1,"Mayer (2022) reports on a JAMA Network Open study of more than 2,200 children ages only nine and ten and he found that children who played video games had stronger performance on memory tests.",elaborates an earlier sentence,Provides research evidence about cognitive benefits.
009,1,"So I think that playing games can be good for children.",elaborates an earlier sentence,Draws a positive conclusion from the evidence.
009,1,"This information does not prove that video games caused brain development (Mayer, 2022).",elaborates an earlier sentence,Adds caution about causal claims.
009,1,"So, the results still suggest that games can involve problem solving rather than passive screen use.",elaborates an earlier sentence,Concludes that games can involve active thinking.
009,2,Video games can also make social connection stronger among teenagers.,topic sentence,Main idea: video games can strengthen social connection for teenagers.
009,2,"56% of U.S. teenagers say games help their problem-solving skills, 47% say games help them build friendships, and 41% say games make it easier to work with other people.",elaborates an earlier sentence,Provides evidence about social and problem-solving benefits.
009,2,"In addition, Lenhart (2015) found that 78% of teenagers felt more connected to people they already knew when they played online together.",elaborates an earlier sentence,Adds supporting evidence about connection to known friends.
009,2,"So, this evidence is important because it means that gaming is not always by yourself.",elaborates an earlier sentence,Explains the significance of the evidence.
009,2,Many games must have cooperation and regular communication.,elaborates an earlier sentence,Explains how games create social interaction.
009,2,Communication is important for teenagers when they are growing up.,introduces a new idea,Shifts to a broad general statement rather than directly developing the gaming point.
009,2,Multiplayer games ask players to plan strategies and divide tasks.,elaborates an earlier sentence,Gives a concrete example of social play.
009,2,"So gaming can be a real social space and not only an escape from social life.",elaborates an earlier sentence,Concludes the paragraph's social-connection point.
009,3,"However, we have to have a good balance of gaming.",topic sentence,Main idea: gaming needs balance to avoid harm.
009,3,"41% of teenagers say games have damaged the amount they sleep, and 43% said about harassment from other people.",elaborates an earlier sentence,Provides evidence about harms from gaming.
009,3,These findings show that the gaming can cause problems even if people enjoy benefits.,elaborates an earlier sentence,Explains that gaming can still cause problems despite benefits.
009,3,I think we must be careful of the big problems because of the games.,elaborates an earlier sentence,Adds a cautionary conclusion about the harms.
009,3,The World Health Organization (n.d.) also recognizes sometimes people continue to play games even if it has negative effects on them.,elaborates an earlier sentence,Adds evidence from the WHO about gaming disorder.
009,3,The WHO adds that this problem affects only a small proportion of gamers.,elaborates an earlier sentence,Adds a limiting qualification to the previous point.
009,3,"So, the main lesson is not that video games are only dangerous, but playing too much can become damage when it stops people to rest, study, or make good friends.",elaborates an earlier sentence,Concludes that excess gaming is the real problem.
010,1,Music festivals are important because they help build community.,topic sentence,Main idea: music festivals build community.
010,1,"In New Zealand, Henry Oliver (2026) describes festivals as a cultural rite of passage.",elaborates an earlier sentence,Provides supporting evidence about festivals as cultural rites.
010,1,He notes that they are also launch pads for new artists.,elaborates an earlier sentence,Adds another cultural benefit of festivals.
010,1,That role matters because festivals do not only show famous performers; they also give small acts a chance to reach a big audience.,elaborates an earlier sentence,Explains why festivals matter for smaller artists.
010,1,Festivals bring together different people together even if they have different ages, neighborhoods, or tastes.,elaborates an earlier sentence,Adds the community-building effect of festivals.
010,1,Even when the music is the main thing, the event can still create a feeling of being together with new people.,elaborates an earlier sentence,Further explains the shared social experience.
010,1,"So, the cultural value of festivals is not only in entertainment but also in the networks and opportunities they create.",elaborates an earlier sentence,Concludes the paragraph's cultural point.
010,2,Music festivals also make economic benefits for host cities.,topic sentence,Main idea: music festivals create economic benefits for host cities.
010,2,Treefort Music Fest 2025 supported 128799 jobs.,elaborates an earlier sentence,Provides economic evidence from Treefort.
010,2,"It also made about $4.7 million in labor income, and made roughly $15.8 million across Idaho.",elaborates an earlier sentence,Adds more economic figures from the report.
010,2,The report said it made about $1.4 million in taxes.,elaborates an earlier sentence,Adds tax-revenue evidence.
010,2,These figures show that money from festivalds also comes from hotels, restaurants, and transport.,elaborates an earlier sentence,Explains how festival spending spreads locally.
010,2,Festivals get attention from leaders who want to make tourism stronger.,elaborates an earlier sentence,Adds a consequence for civic attention.
010,2,"So, the argument is stronger when the benefits can reach local workers and businesses.",elaborates an earlier sentence,Explains the condition for a stronger economic case.
010,2,"So, festivals that make both the music scene and also the economy stronger has stronger public support.",elaborates an earlier sentence,Concludes the paragraph's economic point.
010,3,Music festivals face many problems.,topic sentence,Main idea: music festivals face serious environmental and structural problems.
010,3,"Leah Thomas (2023) shows that even a well-known festival such as Coachella needs many systems for trash, and reducing plastic pollution needs policy changes.",elaborates an earlier sentence,Provides evidence about environmental strain and policy needs.
010,3,"In addition, Jim Ottewill (2026) reports that festivals discussed in the UK Parliament generate 25,800 tonnes of waste, 22,876 tonnes of CO2, and use 185 million litres of water every year.",elaborates an earlier sentence,Adds concrete evidence about waste and emissions.
010,3,"The same article offers evidence that improvement is possible: Massive Attack's 2024 Act 1.5 event reduced energy-related greenhouse gas emissions by 98 percent and made an 89 percent recycling rate (Ottewill, 2026).",elaborates an earlier sentence,Adds evidence that improvement is possible.
010,3,"Money is also part of the problem, since Oliver (2026) notes that many independent festivals are struggling to survive.",elaborates an earlier sentence,Adds the financial-pressure concern.
010,3,"So, festivals should be judged not only by their lineups but also by how seriously organizers address waste, transport, and long-term viability.",elaborates an earlier sentence,Concludes that festivals should be judged by sustainability as well as entertainment.