ESSAY_ID,PARA_NUM,SENTENCE,CORRECTION,COMMENTS
001,1,Wearable fitness devices can help healthier lifestyles by helping students monitor important daily habits a lot.,"Wearable fitness devices can support healthier lifestyles by helping students monitor important daily habits.","Replace awkward wording with the more natural phrase ""support healthier lifestyles"" and remove the unnecessary ""a lot""."
001,1,"Many of these things help count steps, record physical activity, and give reminders to move a lot during the day.","Many of these devices count steps, record physical activity, and send reminders to move during the day.","Replace vague and awkward wording (""things"", ""help count"", ""give reminders to move a lot"") with natural noun and verb choices."
001,1,"In addition, sleep tracking can help students notice patterns in bedtime, waking time, and rest quality.",none,none
001,1,"According to Knaus (2025), sleep trackers can help habits and help users identify things that influence rest, such as exercise or caffeine.","According to Knaus (2025), sleep trackers can increase awareness of habits and help users identify factors that influence rest, such as exercise or caffeine.","Use more natural academic wording by replacing repeated ""help"" and vague ""things""."
001,1,This kind of information may help students to make good changes in their routines.,"This kind of information may encourage students to make small but useful changes in their routines.","Use a more natural verb and more precise wording."
001,1,Wearable devices can cause problems with blood pressure.,none,none
001,1,"Wearable devices Wikipedia contributors (2026) also note that wearable technology is used a lot for health and fitness purposes, which shows that these devices are often linked to self-monitoring and personal improvement.","Wikipedia contributors (2026) also note that wearable technology is widely used for health and fitness purposes, which shows that these devices are often linked to self-monitoring and personal improvement.","Remove the broken opening phrase and replace the informal expression ""used a lot"" with the natural phrase ""widely used""."
001,1,"Therefore, wearable devices can be helpful because they make health information more visible in everyday life.",none,none
001,2,Wearable devices are also useful because they can reveal a lot of real patterns in student life that might be ignored.,"Wearable devices are also useful because they can reveal real patterns in student life that might otherwise be ignored.","Remove unnecessary wording and use the more natural phrase ""might otherwise be ignored""."
001,2,"I believe that sleep enough or exercise enough, but data from wearable devices show me a different things.","Many students believe that they sleep enough or exercise enough, but data from wearable devices can show a different picture.","Replace inconsistent first-person wording, correct the verb phrase, and use a natural object phrase."
001,2,"In one study, first-semester college students and found late sleep schedules, social jetlag, and signs of chronic sleep debt through wearable data.","Fudolig et al. (2024) studied first-semester college students and found late sleep schedules, social jetlag, and signs of chronic sleep debt through wearable data.","Add the missing subject and citation and complete the verb phrase."
001,2,"I agree because sometimes I don't eat breakfast in the morning.",none,none
001,2,"This finding is useful because it suggests that students often feel hard with rest even when they do not fully know the problem.","This finding is important because it suggests that students often struggle with rest even when they do not fully recognize the problem.","Replace awkward phrases with natural academic wording."
001,2,"Better awareness of sleep and activity patterns may help students improve focus, mood, and energy for study.",none,none
001,2,Its device can give students useful evidence about habits that affect learning.,"Although a wearable device cannot solve academic problems by itself, it can give students useful evidence about habits that affect learning.","Replace the incorrect opening phrase with a clear grammatical subject and complete the sentence naturally."
001,2,"In this way, wearable devices may support student success indirectly through greater self-awareness.",none,none
001,3,"However, wearable fitness devices also have serious limitations.",none,none
001,3,"First, they do not automatically create lasting behavior change.",none,none
001,3,"Oaklander (2016) reported that many people stop using fitness trackers over time, which suggests that the device alone is not enough to build long-term healthy habits.",none,none
001,3,"Second, wearable devices collect personal data, and this creates privacy concerns.",none,none
001,3,"Reed (2026) explained that connecting wearable information with medical records can expose sensitive health data and increase uncertainty about how such data is used.",none,none
001,3,"Finally, sleep tracking may create unnecessary anxiety instead of improving health.",none,none
001,3,"Colino (2025) described the problem of ""orthosomnia,"" in which people become so focused on perfect sleep scores that the pressure itself harms sleep.",none,none
001,3,Wearable devices should be treated as helpful tools rather than perfect guides.,"For this reason, wearable devices should be treated as helpful tools rather than perfect guides.","Add the missing transition so the final sentence reads naturally as a conclusion."
002,1,Part-time jobs can first help students manage the financial pressure of education.,none,none
002,1,Many students work not just for spending money.,none,none
002,1,"But need help covering rent, transport, food, and other daily costs.","Many students work not simply for spending money, but because they need help covering rent, transport, food, and other daily costs.","Add the missing subject and complete the contrast structure with ""but because""."
002,1,I also like watching movies in my spare time.,none,none
002,1,"Reporting on a big survey of undergraduate in the United Kingdom, *The Guardian* said that many working students said they were employed to meet living costs, which shows that paid work is often important rather than a lifestyle choice (The Guardian, 2024a).","Reporting on a large survey of undergraduates in the United Kingdom, *The Guardian* noted that most working students said they were employed to meet living costs, which shows that paid work is often a financial necessity rather than a lifestyle choice (The Guardian, 2024a).","Replace awkward wording such as ""big survey of undergraduate"" and repeated ""said"" with more natural academic phrasing."
002,1,"In the United States, Federal Student Aid (n.d.) said the existence of Federal Work-Study also shows that student employment is officially recognized as one way to support education costs.","In the United States, the existence of Federal Work-Study also shows that student employment is officially recognized as one way to support education costs (Federal Student Aid, n.d.).","Use a more natural sentence structure and place the citation in parenthetical form."
002,1,A reasonable amount of paid work can make student life more stable and reduce immediate money worries.,none,none
002,2,Part-time jobs can also teach practical skills that are difficult to gain from classroom study alone and are important.,"Part-time jobs can also teach practical skills that are difficult to gain from classroom study alone.","Remove the awkward extra phrase ""and are important""."
002,2,"Students who work must often learn punctuality, communication, teamwork, and responsibility in real situations.",none,none
002,2,"In addition, balancing deadlines, class attendance, and work shifts may make time-management habits stronger.","In addition, balancing deadlines, class attendance, and work shifts may strengthen time-management habits.","Replace the awkward phrase ""make time-management habits stronger"" with the natural verb ""strengthen""."
002,2,They can also learn to draw in their spare time.,none,none
002,2,"A 2025 article in the *Times of India* said that part-time work can build accountability, confidence, and workplace communication skills that formal study do not always teaching directly (Times of India, 2025).","A 2025 article in the *Times of India* argued that part-time work can build accountability, confidence, and workplace communication skills that formal study does not always teach directly (Times of India, 2025).","Correct the verb forms and replace the weaker reporting verb with a more natural academic choice."
002,2,Its lessons may help students after graduation because employers usually think both academic knowledge and evidence of dependable work behavior are important.,"These lessons may help students after graduation because employers usually expect both academic knowledge and evidence of dependable work behavior.","Replace the unclear pronoun ""Its"" with ""These"" and use the more natural verb ""expect""."
002,2,"A student who has already handled customers, coworkers, or supervisors may learn more quickly in a professional setting than a student with no work experience.",none,none
002,3,"However, the benefits of student employment become weaker when work hours are too long or the schedule is too rigid.",none,none
002,3,"This point is important because a part-time job should support education, not replace it.",none,none
002,3,"A second Guardian article on student budgeting and employment also said important to stay focused on academics and choose flexible work when possible, especially campus-based roles that fit study schedules easy.","A second Guardian article on student budgeting and employment also emphasized the importance of staying focused on academics and choosing flexible work when possible, especially campus-based roles that fit study schedules more easily.","Add the missing noun phrase and use more natural verb and adverb forms."
002,3,"Therefore, the main question is not whether students should ever work, but how much they should work and under what conditions.",none,none
003,1,One important reason to include AI in education is that it can reduce teacher workload and expand academic support.,none,none
003,1,"Gallup said that 6 in 10 U.S. public K-12 teachers used AI tools during the 2024-25 school year, and regular users estimated saving 5.9 hours per week, or about six weeks across a school year.","Gallup found that 6 in 10 U.S. public K-12 teachers used AI tools during the 2024-25 school year, and regular users estimated saving 5.9 hours per week, or about six weeks across a school year (Malek Ash, 2025).","Use the more natural reporting verb ""found"" and restore the missing citation."
003,1,"That time is important because teachers often spend many hours creating materials, changing lessons, and doing administrative work.","That time matters because teachers often spend many hours creating materials, adjusting lessons, and handling administrative work.","Replace awkward verb choices with more natural academic wording."
003,1,"If AI helps make worksheets or make materials for different student needs, teachers may spend more effort on feedback and direct instruction.","If AI helps draft worksheets or modify materials for different student needs, teachers may spend more energy on feedback and direct instruction.","Replace repeated and awkward verbs with more natural academic wording."
003,1,"UNESCO also said that generative AI may help curriculum design, teaching, and learning when its use is carefully validated (Miao & Holmes, 2023).","UNESCO also notes that generative AI may support curriculum design, teaching, and learning when its use is carefully validated (Miao & Holmes, 2023).","Use a more natural reporting verb and the more precise verb ""support""."
003,1,It can serve a productive role when they support the teacher rather than replacing the teacher.,"Therefore, AI can serve a productive role when it supports the teacher rather than replacing the teacher.","Fix the unclear pronoun agreement and add the missing concluding connector."
003,2,A second reason for caution is that AI can interfere with real learning when schools use it without clear limits.,"A second reason for caution is that AI can interfere with genuine learning when schools use it without clear limits.","Replace the less natural phrase ""real learning"" with the more natural academic phrase ""genuine learning""."
003,2,"Lee (2025) said that AI has changed the method of cheating more than the amount of cheating, which is an important distinction.","Lee (2025) argues that AI has changed the method of cheating more than the amount of cheating, which is an important distinction.","Use the more natural reporting verb ""argues""."
003,2,"In data from public and charter high schools, 11% of students in 2024 and 15% in 2025 reported using AI to complete an entire assignment, while larger numbers used it to generate ideas or revise work (Lee, 2025).",none,none
003,2,These findings show that student use is not all the same.,none,none
003,2,"However, they also said that schools cannot ignore the problem.","However, they also show that schools cannot ignore the problem.","Replace the incorrect reporting verb with the verb that correctly refers back to the findings."
003,2,"When students rely on AI to make a work for them, writing, analysis, and problem solving may become lower.","When students rely on AI to do the intellectual work for them, writing, analysis, and problem solving may become weaker.","Replace unnatural wording with the intended academic phrasing."
003,2,"UNESCO said that the not enough to regulation leaves institutions unprepared and users unprotected (Miao & Holmes, 2023).","UNESCO similarly warns that the lack of regulation leaves institutions unprepared and users insufficiently protected (Miao & Holmes, 2023).","Repair the broken phrase and use natural academic wording."
003,2,Responsible use therefore requires more than excitement about innovation.,none,none
003,3,Clear policy and training are the conditions that can make AI educationally useful instead of harmful.,none,none
003,3,"The AI Education Project's aiEDU Pulse found that more than 80% of educators wanted AI-related professional development, while 75% supported teaching students about AI itself (AI Education Project, 2024).",none,none
003,3,"At the same time, 56.9% believed AI was more likely to widen achievement gaps than narrow them (AI Education Project, 2024).",none,none
003,3,Them results suggest that educators do not just want more technology; they want you to make more guidance.,"These results suggest that educators do not simply want more technology; they want better guidance.","Correct the pronoun error and replace awkward wording with natural academic phrasing."
003,3,"UNESCO's guidance supports this approach by calling for privacy protection, ethical validation, and age-appropriate policy frameworks (Miao & Holmes, 2023).",none,none
003,3,AI literacy can also help students understand when AI is a useful assistant and when it becomes a substitute for thought.,none,none
004,1,Social media is good when adolescents use it to maintain relationships and express themselves.,"Social media offers meaningful benefits when adolescents use it to maintain relationships and express themselves.","Replace the simple adjective ""good"" with more natural academic wording."
004,1,"The U.S. Department of Health and Human Services (2023) said young people use social media to find community and explore their identities.","According to the U.S. Department of Health and Human Services (2023), online spaces can help young people find community and explore their identities.","Use a more natural reporting structure and more precise academic wording."
004,1,Social media is an effective way to advertise, too.,none,none
004,1,"The Surgeon General's advisory said that many young people report feeling good (U.S. Department of Health and Human Services, 2023).","In addition, the Surgeon General's advisory notes that many young people report feeling more accepted and more supported because of social media use (U.S. Department of Health and Human Services, 2023).","Use more precise academic wording and restore the fuller meaning of the source."
004,1,Social media is not only harmful.,"For these reasons, social media should not be dismissed as entirely harmful.","Replace the oversimplified sentence with a more natural concluding statement."
004,2,"However, the bad side of social media is easy to see.","However, the harms of social media become difficult to ignore when use is excessive or shaped by unhealthy platform design.","Replace the informal phrase ""bad side"" with more natural academic wording."
004,2,"The U.S. Department of Health and Human Services (2023) said that adolescents who spend more than three hours a day on social media may have double the risk of poor mental health outcomes.","The U.S. Department of Health and Human Services (2023) reports that adolescents who spend more than three hours a day on social media may face double the risk of poor mental health outcomes, including symptoms of anxiety and depression.","Use a more natural reporting verb and restore the more precise consequence."
004,2,"The same advisory highlights concerns about cyberbullying, harmful content, poor sleep, and body image pressure.",none,none
004,2,I often have bad sleep because of my social media using too much it is bad.,Excessive social media use can contribute to poor sleep.,Remove the first-person anecdote and rewrite the sentence in clear, natural form.
004,2,These risks are not only theoretical.,none,none
004,2,"*The Washington Post* (2025) said that 48% of teens now think social media have a mostly negative effect on people their age, and 45% say they spend too much time on it.","*The Washington Post* (2025) reports that 48% of teens now believe social media has a mostly negative effect on people their age, and 45% say they spend too much time on it.","Correct the verb agreement and use more natural academic wording."
004,2,This shift is important because it suggests that even frequent users more and more know the bad emotional of too much exposure and interruption.,"This shift matters because it suggests that even frequent users increasingly recognize the emotional costs of constant exposure, comparison, and interruption.","Replace awkward phrasing with natural academic wording."
004,3,"Because social media produces both good and bad things, the biggest response is neither panic nor passivity.","Because social media produces both benefits and harms, the strongest response is neither panic nor passivity.","Replace informal wording with more natural academic phrasing."
004,3,Alluhidan et al. (2024) said that adolescents said about negative experiences most often.,"Alluhidan et al. (2024) found that adolescents described negative experiences most often, yet they also used social media to seek connection, support, and information.","Repair the broken phrasing and restore the intended finding."
004,3,But they also used social media to find friends and information.,"Yet they also used social media to seek connection, support, and information.","Use a more natural connector and more precise wording."
004,3,This mixed pattern suggests that the problem is not simply the existence of social media, but the conditions under which it is used.,none,none
004,3,"Schools and families should try good habits such as time limits and good sleep routines, while technology companies should reduce bad design features and improve safety protections.","Therefore, schools and families should encourage healthier habits such as time limits and better sleep routines, while technology companies should reduce harmful design features and improve safety protections.","Use more natural academic wording and add the missing transition."
004,3,The Surgeon General's advisory also said that collective action from policymakers, companies, caregivers, and young people is important.,"The Surgeon General's advisory similarly argues for collective action from policymakers, companies, caregivers, and young people rather than assuming that adolescents alone can manage these risks (U.S. Department of Health and Human Services, 2023).","Use a more natural reporting verb and restore the full meaning of the source."
004,3,"I don't assuming that adolescents alone can manage these risks (U.S. Department of Health and Human Services, 2023).","Rather than assuming that adolescents alone can manage these risks, collective action is necessary.","Remove the broken first-person phrasing and rewrite the idea naturally."
005,1,Supporters of school uniforms said that it simplify daily school life.,"Supporters of school uniforms argue that they simplify daily school life.","Correct the pronoun agreement and use a more natural reporting verb."
005,1,It also reduce pressure about fashion.,It also reduces pressure about fashion.,"Correct the verb form to match the singular subject."
005,1,McCarthy (2024) said people believe uniforms can improve life.,"According to McCarthy (2024), advocates believe uniforms can improve safety, reduce stress over clothing choices, and help students focus more on school than on brands or trends.","Replace the vague sentence with more precise academic wording and restore the fuller source meaning."
005,1,These argument are understandable because uniforms can make mornings easier for families.,"These arguments are understandable because uniforms can make mornings easier for families.","Correct the plural noun form."
005,1,A shared dress standard can create a big visual identity for a school.,"A shared dress standard can create a stronger visual identity for a school.","Replace the informal adjective ""big"" with the more natural word ""stronger""."
005,1,Uniforms may appear to offer an efficient way to encourage order and equality.,none,none
005,2,"However, research does not support the claim that uniforms lead to big improvement.","However, research does not strongly support the claim that uniforms lead to major academic or behavioral improvement.","Use more precise academic wording."
005,2,"Researchers said that uniforms were not a good solution for truancy, behavior problems, substance use, or academic achievement.","Brunsma and Rockquemore (1998) found that uniforms were not an effective solution for truancy, behavior problems, substance use, or academic achievement.","Replace the vague subject with the source and use more natural academic wording."
005,2,This finding is important because many uniform policies are promoted as if they will directly improve student performance.,none,none
005,2,More recent evidence agrees.,"More recent evidence points in the same direction.","Use a more natural academic phrase."
005,2,"In a report on France's recent school uniform experiment, Piquet (2026) said that an official assessment released on May 12, 2026 found only limited effects on student behavior and learning, with mixed results for the school climate.","In a report on France's recent school uniform experiment, Piquet (2026) explained that an official assessment released on May 12, 2026 found only limited effects on student behavior and learning, with mixed results for the school climate.","Use the more natural reporting verb ""explained""."
005,2,Uniforms may change appearance more easily than they change the deeper causes of school problems.,"Therefore, uniforms may change appearance more easily than they change the deeper causes of school problems.","Add the missing concluding connector."
005,3,"In addition, uniforms can create practical and social problems and it is important for schools to think about them.","In addition, mandatory uniforms can create practical and social problems that schools should not ignore.","Use more natural academic wording and remove the vague ""it""."
005,3,"McCarthy (2024) noted that uniforms can place a big financial burden on families, especially when schools need specific things from approved sellers.","McCarthy (2024) noted that uniforms can place a financial burden on families, especially when schools require specific items from approved sellers.","Replace informal wording with more natural academic phrasing."
005,3,"Uniforms may also stop student self-expression, which is a big issue during the school years, when identity is still developing.","Uniforms may also limit student self-expression, which is a meaningful issue during the school years, when identity is still developing.","Use more natural academic wording."
005,3,We want students to develop a wonderful identity in school.,Students need room to develop their identities during the school years.,"Remove the first-person voice and rewrite the idea naturally."
005,3,"Furthermore, some uniform designs are not same comfortable for all students.","Furthermore, some uniform designs are not equally comfortable for all students.","Correct the comparative phrase."
005,3,"Weale (2024) said about Cambridge research suggesting that uniforms may reduce physical activity among younger children, especially girls.","Weale (2024) reported on Cambridge research suggesting that restrictive uniforms may reduce physical activity among younger children, especially girls.","Use a natural reporting verb and restore the more precise wording."
005,3,"If a policy makes movement less comfortable or can stop active play, then that policy may work against schools' big educational and health goals.","If a policy makes movement less comfortable or discourages active play, then that policy may work against schools' broader educational and health goals.","Replace awkward wording with natural academic phrasing."
006,1,Club activities can help students feel close.,"Club activities can give students a sense of belonging that ordinary classes do not always create.","Replace the vague phrase ""feel close"" with more natural academic wording."
006,1,"In general, club activities are organized school-related experiences outside school work and they have clubs, arts, and sports (Wikipedia contributors, 2025).","In general, extracurricular activities are organized school-related experiences outside the formal curriculum and often include clubs, arts, and sports (Wikipedia contributors, 2025).","Use more precise academic wording and repair the awkward phrase."
006,1,This part of school life is important because it gives students goals and we have a community within a large institution.,"This part of school life matters because it gives students a shared purpose and a smaller community within a large institution.","Remove the first-person wording and use more natural academic phrasing."
006,1,For some students, that connection may be very important.,"For some students, that connection may be especially important.","Use the more natural adverb ""especially""."
006,1,Researchers said that among bad treatment children, participation in school clubs help them graduate by 2.54 times.,"Lemkin et al. (2018) found that among maltreated youth, participation in school clubs was associated with 2.54 times the odds of graduating.","Replace awkward wording with the correct source attribution and natural academic phrasing."
006,1,This means that students can graduate even if they have a bad time.,"This finding does not mean every club guarantees success.","Replace the awkward interpretation with the more accurate academic explanation."
006,1,But I am worried if I will graduate.,"However, it does suggest that school clubs can strengthen attachment to school, especially for students who might otherwise drift away from it.","Remove the first-person aside and restore the intended conclusion."
006,1,It suggests that school clubs can make a connection with school strong for poor students.,"It does suggest that school clubs can strengthen attachment to school, especially for students who might otherwise drift away from it.","Replace awkward phrasing with natural academic wording."
006,2,"In addition, the benefits of club activities are social and emotional.","In addition, the strongest benefits of club activities appear to be social and emotional rather than purely academic.","Restore the more precise academic claim."
006,2,Many people think that if they join several activities will improve my grades.,"Many people assume that joining several activities will naturally improve grades, but the evidence is more limited than that belief suggests.","Remove the first-person reference and repair the sentence structure."
006,2,O'Flaherty et al. (2022) researched club activities.,"O'Flaherty et al. (2022) examined extracurricular participation with a fixed-effects approach designed to reduce hidden bias.","Use a more precise academic description of the study."
006,2,He found that the positive effects became smaller than people think.,"They found that the positive effects became smaller after stricter analysis, and academic effects were minimal.","Correct the pronoun reference and restore the fuller result."
006,2,"Sports clubs still has beneficial effects for mental health, while art clubs had better interaction between people.","Even so, sports still showed beneficial effects for mental health, while arts participation remained linked to better peer-group characteristics.","Correct the verb agreement and replace awkward wording with natural academic phrasing."
006,2,"So, club activities are cannot replace academic work.","Therefore, club activities should not be defended mainly as an academic shortcut.","Remove the broken verb phrase and restore the intended conclusion."
006,2,And I think club activities are more important for friends.,"Their stronger value lies in helping students develop confidence, healthier peer environments, and a more positive school experience.","Remove the first-person opinion and restore the academic claim."
006,2,The benefit of clubs lies in helping students build confidence and make good friends.,"Their stronger value lies in helping students develop confidence, healthier peer environments, and a more positive school experience.","Use more natural academic wording."
006,3,"But sometimes, club activities don't give benefit because students can have too much work.","However, club activities are not beneficial in every form, because too many commitments can create new problems.","Replace informal wording with the more natural academic claim."
006,3,"Owens and Weiss (2017) said young people don't get enough sleep because of club activities, lots of homework and go to school early.","Owens and Weiss (2017) identified extracurricular activities as one factor that can contribute to insufficient sleep in adolescents, along with heavy homework and early school start times.","Use more natural academic wording and restore the fuller idea."
006,3,Lack of sleep can damage attention.,"Lack of sleep can harm attention, mood, and school performance, which weakens the very benefits clubs are supposed to support.","Restore the fuller consequence and use more natural academic wording."
006,3,It weakens the benefits of clubs.,"Lack of sleep weakens the very benefits clubs are supposed to support.","Replace the vague pronoun with a clear subject."
006,3,"Fagan et al. (2022) found that non-competitive school sport stop drug use, but other sport was not clear.","Fagan et al. (2022) found that non-competitive school sport reduced some substance-use risks, but other forms of sport showed mixed patterns, and school connectedness shaped the results.","Correct the verb forms and restore the fuller research claim."
006,3,Schools should not judge success by the number of activities alone.,none,none
006,3,"Instead, they should focus on whether clubs are meaningful, balanced, and connected to student well-being.","Instead, schools should focus on whether clubs are meaningful, balanced, and connected to student well-being.","Replace the ambiguous pronoun with a clear noun."
007,1,Convenience stores are important because they are close to the place people live.,"Convenience stores play an important role because they are physically close to where people live and travel.","Replace the awkward phrase with more natural academic wording."
007,1,"The U.S. Department of Agriculture's Economic Research Service explains that its Food Access Research Atlas measures how easy low-income people can reach supermarkets (U.S. Department of Agriculture, Economic Research Service [USDA ERS], 2025).","The U.S. Department of Agriculture's Economic Research Service explains that its Food Access Research Atlas measures supermarket accessibility and low-income, low-access census tracts across the United States (U.S. Department of Agriculture, Economic Research Service [USDA ERS], 2025).","Restore the more precise academic description."
007,1,This big concern about distance can help explain why small neighborhood stores are important.,"This broader concern about distance helps explain why small neighborhood stores remain significant.","Replace informal wording with more natural academic phrasing."
007,1,About 14% of SNAP benefits in 2024 were spent at convenience stores, which are easier to reach.,"According to an Associated Press report, about 14% of SNAP benefits in 2024 were spent at smaller grocery and convenience stores, which are often easier for beneficiaries to reach than large superstores (Durbin, 2025).","Restore the missing source attribution and use more precise wording."
007,1,"Convenience stores reduce the time and transport barriers that can make regular shopping difficult for working families, older adults, and residents of food deserts.","Therefore, convenience stores reduce the time and transportation barriers that can make regular shopping difficult for working families, older adults, and residents of food deserts.","Use the more natural noun ""transportation"" and add the missing concluding connector."
007,2,"Convenience stores are also important because they can make neighborhood economies strong and give important services, not just snacks.","Convenience stores also matter because they can strengthen neighborhood economies and offer practical services beyond snacks.","Use more natural academic wording."
007,2,Durbin (2025) reports that conveniece stores lose sales when SNAP benefits were delayed.,"Durbin (2025) reports that small grocers and convenience stores felt an immediate sales decline when SNAP benefits were delayed.","Correct the spelling error and restore the fuller source wording."
007,2,This shows that these stores are related with local household spending.,"This shows that these stores are closely tied to local household spending.","Replace awkward phrasing with natural academic wording."
007,2,The same article describes Kansas City convenience stores.,"The same article describes Kansas City convenience stores that stocked produce through a nonprofit partnership.","Complete the sentence with the missing detail."
007,2,"It stocked goods from a nonprofit partnership, which means that some stores change to meet community needs and don't rely only on junk food sales.","This suggests that some stores are adapting to community needs instead of relying only on junk food sales.","Remove the unclear pronoun and use more natural academic wording."
007,2,"Small stores are open later than supermarkets and we can get milk, bread, fruit, or cooked food late at night.","In addition, small stores often stay open later than supermarkets and provide quick access to milk, bread, fruit, or prepared food during irregular work hours.","Remove the first-person wording and use more precise academic phrasing."
007,2,A late-night worker can use a convenience store when big supermarkets are closed.,"For example, a late-night shift worker may depend on a nearby convenience store when larger retailers are closed.","Use more natural wording and add the missing elaboration phrase."
007,2,So convenience stores are important for daily life.,"These functions help explain why such stores remain woven into daily neighborhood life.","Replace the informal conclusion with more natural academic wording."
007,3,"However, convenience stores have important disadvantages.","However, convenience stores have serious limitations that should not be ignored.","Use more natural academic wording."
007,3,Research on rural food environments found that grocery stores were better than convenience stores for getting healthy food.,"Research on rural food environments found that grocery stores scored much higher than convenience stores on measures of healthy food availability.","Use the more precise academic phrasing from the source comparison."
007,3,"Supermarkets have more stronger nutritious food than convenience stores (McCormack et al., 2021).","Grocery stores averaged far stronger nutrition environment scores than convenience stores (McCormack et al., 2021).","Correct the comparative wording and use more precise academic phrasing."
007,3,"So people can reach convenience stores easily, but it does not always have healthy food.","This finding supports a common criticism: convenience stores may offer access, but access alone does not guarantee healthy choices.","Remove the pronoun error and restore the intended academic interpretation."
007,3,It is important to have healthy food to raise a young children.,Access alone is not enough when healthy food options remain limited.,"Remove the awkward off-topic sentence and replace it with a relevant academic point."
007,3,"So, I think that communities that use convenience stores have bad diets.","As a result, communities that depend too heavily on convenience stores may still experience poor diet quality.","Remove the first-person opinion and use more natural academic wording."
007,3,"Convenience stores can help reduce distance barriers, but they do not help people have a good diet.","Convenience stores can help reduce distance barriers, yet they cannot fully solve the larger structural problem of unequal access to full-service grocery stores.","Use more precise academic wording and restore the fuller limitation."
008,1,Anime and manga now function as a useful international business as well as an art form.,"Anime and manga now function as a serious international business as well as an art form.","Replace the weaker adjective ""useful"" with the more natural academic word ""serious""."
008,1,"The *Financial Times* showed that the global anime market reached 3.4 trillion yen in 2023, and more than half of anime revenue came from outside Japan (Financial Times, 2025).","The *Financial Times* reports that the global anime market reached a record 3.4 trillion yen in 2023, and more than half of anime revenue came from outside Japan (Financial Times, 2025).","Use a more natural reporting verb and restore the more precise phrasing."
008,1,That figure showed that anime is part of the global entertainment economy, not a small domestic product.,"That figure shows that anime is part of the global entertainment economy, not a small domestic product.","Use the more natural present-tense reporting verb."
008,1,"Matt Alt (2025) showed that popular manga series are licensed for animation and then streamed internationally, creating a cycle in which books promote shows and shows promote books.","Matt Alt (2025) explains that popular manga series are frequently licensed for animation and then streamed internationally, creating a cycle in which books promote shows and shows promote books.","Use a more natural reporting verb and restore the adverb ""frequently""."
008,1,"This relationship showed why comics and shows such as *Naruto* and *Demon Slayer* are international.","This relationship helps explain why franchises such as *Naruto* and *Demon Slayer* travel so effectively across borders.","Use more natural academic phrasing."
008,1,"Therefore, anime and manga succeed not only because of artistic appeal but also because they reinforce each other commercially.",none,none
008,2,Anime and manga also create cultural connections.,"Anime and manga also create cultural connections that go beyond sales numbers.","Restore the more precise topic sentence."
008,2,"According to the Anime Tourism Association, its mission is to organize ""Japanese Anime 88-Spots"" and connect local regions, companies, and content holders in order to welcome tourists and encourage new economic growth (Anime Tourism Association, n.d.).",none,none
008,2,"Also, anime can foster connections between people in a local area because people from the local area can sometimes come from different cultures and make Japanese anime more popular around the world.","Anime can also foster connections between people in local areas, especially when visitors and residents from different backgrounds share an interest in Japanese media.","Repair the awkward reasoning and use more natural academic wording."
008,2,This goal shows how fictional stories can change the local area in a good way.,"This goal shows how fictional stories can reshape real places.","Replace informal wording with more natural academic phrasing."
008,2,"Fans often want to visit the landscapes, shrines, train stations, or neighborhoods where an anime series was based on.","Fans often want to visit the landscapes, shrines, train stations, or neighborhoods associated with a series.","Use the more natural phrase ""associated with""."
008,2,"In addition, this tourism introduces international visitors to local Japanese communities that might otherwise receive less attention.",none,none
008,2,"As a result, anime and manga can act as bridges between media consumption and regional development.",none,none
008,3,"However, the success of anime and manga brings serious costs.","However, the success of anime and manga brings serious costs that should not be ignored.","Restore the fuller warning."
008,3,"Alt (2025) describes the world of *Weekly Shonen Jump* as one of relentless deadlines, intense reader rankings, and heavy physical and mental pressure on creators.",none,none
008,3,"He notes that serialized artists can feel trapped in a constant cycle of ""next, next, next,"" and that health concerns have pushed the industry to create more support systems.",none,none
008,3,"This evidence suggests that global demand may reward speed and dependable franchises more than experimentation.",none,none
008,3,This means that maybe the original idea of anime is getting lost.,"This suggests that global demand may reward speed and dependable franchises more than experimentation, which can narrow creative variety.","Replace the vague sentence with a clearer academic interpretation."
008,3,Like some people can't create new things.,"This pressure can make it harder for creators to take risks and develop original ideas.","Replace the fragment with a complete and natural sentence."
008,3,"In the same article, Alt argues that reader surveys and franchise logic can encourage sameness in content, even while they produce major hits.",none,none
008,3,"However effective this system may be in business terms, it risks exhausting artists and narrowing the range of stories that reach audiences.",none,none
009,1,Video games can help brain development.,"Video games may support some forms of cognitive development.","Use more cautious and natural academic wording."
009,1,"Mayer (2022) reports on a JAMA Network Open study of more than 2,200 children ages only nine and ten and he found that children who played video games had stronger performance on memory tests.","Mayer (2022) reports on a JAMA Network Open study of more than 2,200 children ages nine and ten that found stronger performance on tests of impulse control and short-term memory among children who played video games for three or more hours per day.","Repair the sentence structure and restore the fuller research finding."
009,1,"So I think that playing games can be good for children.","However, the results still suggest that games can involve concentration, fast decision-making, and problem-solving rather than passive screen use alone.","Remove the first-person opinion and restore the academic conclusion."
009,1,"This information does not prove that video games caused brain development (Mayer, 2022).","These findings do not prove that video games directly caused better cognitive performance, and the article itself warns against drawing that conclusion too quickly (Mayer, 2022).","Use more natural academic wording and restore the fuller caution."
009,1,"So, the results still suggest that games can involve problem solving rather than passive screen use.","However, the results still suggest that games can involve concentration, fast decision-making, and problem-solving rather than passive screen use alone.","Use a more natural connector and restore the fuller claim."
009,2,Video games can also make social connection stronger among teenagers.,"Video games can also strengthen social connection, especially among teenagers.","Use more natural academic wording."
009,2,"56% of U.S. teenagers say games help their problem-solving skills, 47% say games help them build friendships, and 41% say games make it easier to work with other people.","According to Fitzpatrick (2024), 56% of U.S. teens say games help their problem-solving skills, 47% say games help them build friendships, and 41% say games make it easier to work with others.","Restore the missing citation and use more natural wording."
009,2,"In addition, Lenhart (2015) found that 78% of teenagers felt more connected to people they already knew when they played online together.","In addition, Lenhart (2015) found that 78% of teen online gamers felt more connected to friends they already knew when they played online together.","Use the more precise phrase from the source."
009,2,"So, this evidence is important because it means that gaming is not always by yourself.","This evidence matters because it challenges the stereotype that gaming is always solitary.","Replace awkward wording with natural academic phrasing."
009,2,Many games must have cooperation and regular communication.,"Many games require cooperation, shared goals, and regular communication.","Use more natural academic wording."
009,2,Communication is important for teenagers when they are growing up.,Communication is an important part of social development for teenagers.,"Use more natural academic phrasing."
009,2,Multiplayer games ask players to plan strategies and divide tasks.,"For example, multiplayer games often ask players to plan strategies, divide tasks, and respond to each other quickly.","Add the missing elaboration phrase and restore the fuller idea."
009,2,"So gaming can be a real social space and not only an escape from social life.","As a result, gaming can function as a real social space rather than only as an escape from social life.","Use a more natural result phrase."
009,3,"However, we have to have a good balance of gaming.","However, the positive case for video games becomes weaker when gaming loses balance.","Replace the first-person phrasing with more natural academic wording."
009,3,"41% of teenagers say games have damaged the amount they sleep, and 43% said about harassment from other people.","Fitzpatrick (2024) notes that 41% of teens say games have harmed the amount they sleep, and 43% report harassment from other gamers.","Restore the missing citation and repair the awkward phrasing."
009,3,These findings show that the gaming can cause problems even if people enjoy benefits from it.,"These findings show that the gaming environment can produce real problems even when many players enjoy benefits from it.","Use more natural academic wording."
009,3,I think we must be careful of the big problems because of the games.,"Therefore, the main lesson is not that video games are inherently dangerous, but that excessive play can become harmful when it replaces rest, study, or healthy relationships.","Remove the first-person opinion and restore the academic conclusion."
009,3,The World Health Organization (n.d.) also recognizes sometimes people continue to play games even if it has negative effects on them.,"The World Health Organization (n.d.) also recognizes gaming disorder as a pattern of impaired control, increasing priority given to gaming over other activities, and continued play despite negative consequences.","Repair the broken phrasing and restore the fuller definition."
009,3,The WHO adds that this problem affects only a small proportion of gamers.,none,none
009,3,"So, the main lesson is not that video games are only dangerous, but playing too much can become damage when it stops people to rest, study, or make good friends.","Therefore, the main lesson is not that video games are inherently dangerous, but that excessive play can become harmful when it replaces rest, study, or healthy relationships.","Use more natural academic wording and repair the grammar."
010,1,Music festivals are important because they help build community.,"Music festivals matter because they create forms of community that ordinary concerts do not always provide.","Use more natural academic wording."
010,1,"In New Zealand, Henry Oliver (2026) describes festivals as a cultural rite of passage.","In New Zealand, Henry Oliver (2026) describes festivals as a cultural rite of passage and notes that they have long served as launch pads for emerging artists.","Restore the fuller source-supported idea."
010,1,He notes that they are also launch pads for new artists.,"He notes that festivals are also launch pads for emerging artists.","Clarify the subject and use more precise wording."
010,1,That role matters because festivals do not only show famous performers; they also give small acts a chance to reach a big audience.,"That role matters because festivals do not only showcase famous performers; they also give smaller acts a chance to reach larger audiences and become part of a wider music scene.","Use more natural academic wording and restore the fuller claim."
010,1,Festivals bring together different people together even if they have different ages, neighborhoods, or tastes.,"Festivals bring together people who might otherwise remain separated by age, neighborhood, or taste.","Remove repetition and use more natural phrasing."
010,1,Even when the music is the main thing, the event can still create a feeling of being together with new people.,"Even when the music is the main attraction, the event can still create a shared identity around local creativity and collective memory.","Use more natural academic wording."
010,1,"So, the cultural value of festivals is not only in entertainment but also in the networks and opportunities they create.","Therefore, the cultural value of festivals lies not only in entertainment but also in the networks and opportunities they create.","Use a more natural transition and phrasing."
010,2,Music festivals also make economic benefits for host cities.,"Music festivals also produce measurable economic benefits for host cities and regions.","Use more natural academic wording."
010,2,Treefort Music Fest 2025 supported 128799 jobs.,"According to Crossgrove Fry (2025), Treefort Music Fest 2025 supported 128.799 jobs.","Restore the missing citation and original number formatting."
010,2,"It also made about $4.7 million in labor income, and made roughly $15.8 million across Idaho.","The festival generated about $4.7 million in labor income and produced roughly $15.8 million in output across Idaho.","Replace vague pronoun use and awkward wording."
010,2,The report said it made about $1.4 million in taxes.,"The same report estimates that the festival supported about $1.4 million in tax revenue.","Use more natural academic wording."
010,2,These figures show that money from festivalds also comes from hotels, restaurants, and transport.,"These figures show that festival spending can extend beyond ticket sales to hotels, restaurants, transportation, and other local businesses.","Correct the spelling error and use more precise wording."
010,2,Festivals get attention from leaders who want to make tourism stronger.,"For that reason, festivals often receive attention from civic leaders who want to strengthen tourism and downtown activity.","Use more natural academic wording and add the missing connector."
010,2,"So, the argument is stronger when the benefits can reach local workers and businesses.","However, the economic case is strongest when the benefits are broad enough to reach local workers and businesses rather than only large promoters.","Restore the contrast and the fuller condition."
010,2,"So, festivals that make both the music scene and also the economy stronger has stronger public support.","A festival that strengthens both the music scene and the surrounding economy has a stronger claim to public support.","Repair the grammar and use more natural academic phrasing."
010,3,Music festivals face many problems.,"Music festivals face serious environmental and structural problems, which means their benefits cannot be taken for granted.","Use more precise academic wording."
010,3,"Leah Thomas (2023) shows that even a well-known festival such as Coachella needs many systems for trash, and reducing plastic pollution needs policy changes.","Leah Thomas (2023) shows that even a well-known festival such as Coachella requires extensive systems for trash, recycling, and composting, and that reducing plastic pollution demands deliberate policy changes.","Use more natural wording and restore the fuller environmental point."
010,3,"In addition, Jim Ottewill (2026) reports that festivals discussed in the UK Parliament generate 25,800 tonnes of waste, 22,876 tonnes of CO2, and use 185 million litres of water every year.","In addition, Jim Ottewill (2026) reports that festivals discussed in the UK Parliament generate 25,800 tonnes of waste, 22,876 tonnes of CO2, and use 185 million litres of water annually.","Replace the phrase ""every year"" with the more natural academic word ""annually""."
010,3,"The same article offers evidence that improvement is possible: Massive Attack's 2024 Act 1.5 event reduced energy-related greenhouse gas emissions by 98 percent and made an 89 percent recycling rate (Ottewill, 2026).","Yet the same article offers evidence that improvement is possible: Massive Attack's 2024 Act 1.5 event reduced energy-related greenhouse gas emissions by 98 percent and achieved an 89 percent recycling rate (Ottewill, 2026).","Use a clearer contrast connector and more natural verb choice."
010,3,"Money is also part of the problem, since Oliver (2026) notes that many independent festivals are struggling to survive.","Financial pressure is also part of the problem, since Oliver (2026) notes that many independent festivals are struggling to survive.","Use the more precise phrase ""Financial pressure""."
010,3,"So, festivals should be judged not only by their lineups but also by how seriously organizers address waste, transport, and long-term viability.","Therefore, festivals should be judged not only by their lineups but also by how seriously organizers address waste, transport, and long-term viability.","Use a more natural concluding connector."
