ESSAY_ID,HAS_THESIS_STATEMENT,THESIS_STATEMENT
001,yes,"Although wearable fitness devices can help students become more aware of their sleep and exercise habits, this essay argues that they should be used carefully because their benefits are limited by weak long-term behavior change, privacy concerns, and possible stress."
002,no,""
003,yes,"AI should be integrated into education."
004,no,""
005,yes,"School uniforms can support people's lives really well."
006,yes,"Club activities do not automatically raise academic performance, but they should be encouraged."
007,yes,"Convenience stores remain important in urban and low-access neighborhoods because they save time, support local food access, and can serve community needs."
008,no,""
009,yes,"Video games should be viewed as a potentially beneficial activity when they are played in moderation, because they can support cognitive skills and social relationships, but they also require limits when gaming begins to interfere with sleep, school, or healthy routines."
010,yes,"However, this essay will argue that music festivals are essential for the community."