ESSAY_ID,BODY_PARA_NUM,ABLATED_ESSAY,ORIGINAL_ESSAY,SENTENCE_CHANGE,COHERENCE_TOPIC_SENTENCE_ERROR_ADDED,COHERENCE_LINGUISTIC_ERROR_ADDED,COHERENCE_PRONOUN_ERROR_ADDED,CITATION_ERROR_ADDED,GRAMMAR_ERROR_ADDED,WORDS_SIMPLIFIED
002,1,Part-time jobs can first help students manage the financial pressure of education.,Part-time jobs can first help students manage the financial pressure of education.,Correspond,0,0,0,0,0,0
002,1,Many students work not just for spending money.,"Many students work not simply for spending money, but because they need help covering rent, transport, food, and other daily costs.",Split,0,0,0,0,0,1
002,1,"But need help covering rent, transport, food, and other daily costs.","Many students work not simply for spending money, but because they need help covering rent, transport, food, and other daily costs.",Split,0,1,1,0,1,0
002,1,I also like watching movies in my spare time.,,New,1,1,1,0,0,0
002,1,"Reporting on a big survey of undergraduate in the United Kingdom, *The Guardian* said that many working students said they were employed to meet living costs, which shows that paid work is often important rather than a lifestyle choice (The Guardian, 2024a).","Reporting on a large survey of undergraduates in the United Kingdom, *The Guardian* noted that most working students said they were employed to meet living costs, which shows that paid work is often a financial necessity rather than a lifestyle choice (The Guardian, 2024a).",Correspond,0,0,0,0,0,1
002,1,"In the United States, Federal Student Aid (n.d.) said the existence of Federal Work-Study also shows that student employment is officially recognized as one way to support education costs.","In the United States, the existence of Federal Work-Study also shows that student employment is officially recognized as one way to support education costs (Federal Student Aid, n.d.).",Correspond,0,0,0,1,0,1
002,1,A reasonable amount of paid work can make student life more stable and reduce immediate money worries.,"Therefore, a reasonable amount of paid work can make student life more stable and reduce immediate money worries.",Correspond,0,1,0,0,0,0
002,2,Part-time jobs can also teach practical skills that are difficult to gain from classroom study alone and are important.,Part-time jobs can also teach practical skills that are difficult to gain from classroom study alone.,Correspond,0,0,0,0,0,0
002,2,"Students who work must often learn punctuality, communication, teamwork, and responsibility in real situations.","Students who work must often learn punctuality, communication, teamwork, and responsibility in real situations.",Correspond,0,0,0,0,0,0
002,2,"In addition, balancing deadlines, class attendance, and work shifts may make time-management habits stronger.","In addition, balancing deadlines, class attendance, and work shifts may strengthen time-management habits.",Correspond,0,0,0,0,0,1
002,2,They can also learn to draw in their spare time.,,New,1,1,0,0,0,0
002,2,"A 2025 article in the *Times of India* said that part-time work can build accountability, confidence, and workplace communication skills that formal study do not always teaching directly (Times of India, 2025).","A 2025 article in the *Times of India* argued that part-time work can build accountability, confidence, and workplace communication skills that formal study does not always teach directly (Times of India, 2025).",Correspond,0,0,0,0,1,1
002,2,Its lessons may help students after graduation because employers usually think both academic knowledge and evidence of dependable work behavior are important.,These lessons may help students after graduation because employers usually expect both academic knowledge and evidence of dependable work behavior.,Correspond,0,0,1,0,0,1
002,2,"A student who has already handled customers, coworkers, or supervisors may learn more quickly in a professional setting than a student with no work experience.","For example, a student who has already handled customers, coworkers, or supervisors may adapt more quickly to a professional setting than a student with no work experience.",Correspond,0,1,0,0,0,1
002,3,"However, the benefits of student employment become weaker when work hours are too long or the schedule is too rigid.","However, the benefits of student employment become weaker when work hours are too long or the schedule is too rigid.",Correspond,0,0,0,0,0,0
002,3,,"The same Guardian report explained that many students were combining study with substantial weekly work hours, creating workloads that raised concerns about exhaustion and weaker academic performance (The Guardian, 2024a).",Removed,0,0,0,1,0,0
002,3,"This point is important because a part-time job should support education, not replace it.","This point matters because a part-time job should support education, not replace its central purpose.",Correspond,0,0,0,0,0,1
002,3,"A second Guardian article on student budgeting and employment also said important to stay focused on academics and choose flexible work when possible, especially campus-based roles that fit study schedules easy.","A second Guardian article on student budgeting and employment also emphasized the importance of staying focused on academics and choosing flexible work when possible, especially campus-based roles that fit study schedules more easily (The Guardian, 2024b).",Correspond,0,0,0,1,1,1
002,3,"Therefore, the main question is not whether students should ever work, but how much they should work and under what conditions.","Therefore, the main question is not whether students should ever work, but how much they should work and under what conditions.",Correspond,0,0,0,0,0,0
002,ref,,Federal Student Aid. (n.d.). *Work-study*. https://studentaid.gov/understand-aid/types/work-study,Removed,0,0,0,1,0,0
002,ref,"The Guardian. (2024a, June 13). *More than half of UK students working long hours in paid jobs*. https://www.theguardian.com/education/article/2024/jun/13/more-than-half-of-uk-students-working-long-hours-in-paid-jobs","The Guardian. (2024a, June 13). *More than half of UK students working long hours in paid jobs*. https://www.theguardian.com/education/article/2024/jun/13/more-than-half-of-uk-students-working-long-hours-in-paid-jobs",Correspond,0,0,0,0,0,0
002,ref,"The Guardian. (2024b, July 5). *Be frugal, have fun, stay focused: how to make ends meet as a student*. https://www.theguardian.com/guardian-clearing/article/2024/jul/05/be-frugal-have-fun-stay-focused-how-to-make-ends-meet-as-a-student","The Guardian. (2024b, July 5). *Be frugal, have fun, stay focused: how to make ends meet as a student*. https://www.theguardian.com/guardian-clearing/article/2024/jul/05/be-frugal-have-fun-stay-focused-how-to-make-ends-meet-as-a-student",Correspond,0,0,0,0,0,0
002,ref,"Times of India. (2025, September 27). *5 things a part-time job can teach what a degree can't*. https://timesofindia.indiatimes.com/life-style/relationships/work/5-things-a-part-time-job-can-teach-what-a-degree-cant/photostory/124162483.cms","Times of India. (2025, September 27). *5 things a part-time job can teach what a degree can't*. https://timesofindia.indiatimes.com/life-style/relationships/work/5-things-a-part-time-job-can-teach-what-a-degree-cant/photostory/124162483.cms",Correspond,0,0,0,0,0,0
001,1,Wearable fitness devices can help healthier lifestyles by helping students monitor important daily habits a lot.,Wearable fitness devices can support healthier lifestyles by helping students monitor important daily habits.,Correspond,0,0,0,0,0,1
001,1,"Many of these things help count steps, record physical activity, and give reminders to move a lot during the day.","Many of these devices count steps, record physical activity, and send reminders to move during the day.",Correspond,0,0,0,0,0,1
001,1,"In addition, sleep tracking can help students notice patterns in bedtime, waking time, and rest quality.","In addition, sleep tracking can help students notice patterns in bedtime, waking time, and rest quality.",Correspond,0,0,0,0,0,0
001,1,"According to Knaus (2025), sleep trackers can help habits and help users identify things that influence rest, such as exercise or caffeine.","According to Knaus (2025), sleep trackers can increase awareness of habits and help users identify factors that influence rest, such as exercise or caffeine.",Correspond,0,0,0,0,1,1
001,1,This kind of information may help students to make good changes in their routines.,This kind of information may encourage students to make small but useful changes in their routines.,Correspond,0,0,0,0,0,1
001,1,Wearable devices can cause problems with blood pressure.,,New,1,1,0,0,0,0
001,1,"Wearable devices Wikipedia contributors (2026) also note that wearable technology is used a lot for health and fitness purposes, which shows that these devices are often linked to self-monitoring and personal improvement.","Wikipedia contributors. (2026) also note that wearable technology is widely used for health and fitness purposes, which shows that these devices are often linked to self-monitoring and personal improvement.",Correspond,0,0,0,0,1,1
001,1,"Therefore, wearable devices can be helpful because they make health information more visible in everyday life.","Therefore, wearable devices can be helpful because they make health information more visible in everyday life.",Correspond,0,0,0,0,0,0
001,2,Wearable devices are also useful because they can reveal a lot of real patterns in student life that might be ignored.,Wearable devices are also useful because they can reveal real patterns in student life that might otherwise be ignored.,Correspond,0,0,0,0,0,1
001,2,"I believe that sleep enough or exercise enough, but data from wearable devices show me a different things.","Many students believe that they sleep enough or exercise enough, but data from wearable devices can show a different picture.",Correspond,0,0,1,0,1,1
001,2,"In one study, first-semester college students and found late sleep schedules, social jetlag, and signs of chronic sleep debt through wearable data.","Fudolig et al. (2024) studied first-semester college students and found late sleep schedules, social jetlag, and signs of chronic sleep debt through wearable data.",Correspond,0,0,0,1,1,0
001,2,I agree because sometimes I don't eat breakfast in the morning.,,New,1,1,1,0,0,0
001,2,This finding is useful because it suggests that students often feel hard with rest even when they do not fully know the problem.,This finding is important because it suggests that students often struggle with rest even when they do not fully recognize the problem.,Correspond,0,0,0,0,1,1
001,2,"Better awareness of sleep and activity patterns may help students improve focus, mood, and energy for study.","Furthermore, better awareness of sleep and activity patterns may help students improve focus, mood, and energy for study.",Correspond,0,1,0,0,0,0
001,2,Its device can give students useful evidence about habits that affect learning.,"Although a wearable device cannot solve academic problems by itself, it can give students useful evidence about habits that affect learning.",Correspond,0,1,1,0,1,1
001,2,"In this way, wearable devices may support student success indirectly through greater self-awareness.","In this way, wearable devices may support student success indirectly through greater self-awareness.",Correspond,0,0,0,0,0,0
001,3,"However, wearable fitness devices also have serious limitations.","However, wearable fitness devices also have serious limitations.",Correspond,0,0,0,0,0,0
001,3,"First, they do not automatically create lasting behavior change.","First, they do not automatically create lasting behavior change.",Correspond,0,0,0,0,0,0
001,3,"Oaklander (2016) reported that many people stop using fitness trackers over time, which suggests that the device alone is not enough to build long-term healthy habits.","Oaklander (2016) reported that many people stop using fitness trackers over time, which suggests that the device alone is not enough to build long-term healthy habits.",Correspond,0,0,0,0,0,0
001,3,"Second, wearable devices collect personal data, and this creates privacy concerns.","Second, wearable devices collect personal data, and this creates privacy concerns.",Correspond,0,0,0,0,0,0
001,3,Reed (2026) explained that connecting wearable information with medical records can expose sensitive health data and increase uncertainty about how such data is used.,Reed (2026) explained that connecting wearable information with medical records can expose sensitive health data and increase uncertainty about how such data is used.,Correspond,0,0,0,0,0,0
001,3,"Finally, sleep tracking may create unnecessary anxiety instead of improving health.","Finally, sleep tracking may create unnecessary anxiety instead of improving health.",Correspond,0,0,0,0,0,0
001,3,"Colino (2025) described the problem of ""orthosomnia,"" in which people become so focused on perfect sleep scores that the pressure itself harms sleep.","Colino (2025) described the problem of ""orthosomnia,"" in which people become so focused on perfect sleep scores that the pressure itself harms sleep.",Correspond,0,0,0,0,0,0
001,3,Wearable devices should be treated as helpful tools rather than perfect guides.,"For this reason, wearable devices should be treated as helpful tools rather than perfect guides.",Correspond,0,1,0,0,0,0
001,ref,,"Colino, S. (2025, August 26). *Your quest for perfect sleep is keeping you awake*. TIME. https://time.com/7311740/sleep-anxiety-orthosomnia/",Removed,0,0,0,1,0,0
001,ref,"Fudolig, M. I., Bloomfield, L. S. P., Price, M., Bird, Y. M., Hidalgo, J. E., Kim, J., Llorin, J., Lovato, J., McGinnis, E. W., McGinnis, R. S., Ricketts, T., Stanton, K., Dodds, P. S., & Danforth, C. M. (2024). *Collective sleep and activity patterns of college students from wearable devices* [Preprint]. arXiv. https://arxiv.org/abs/2412.17969","Fudolig, M. I., Bloomfield, L. S. P., Price, M., Bird, Y. M., Hidalgo, J. E., Kim, J., Llorin, J., Lovato, J., McGinnis, E. W., McGinnis, R. S., Ricketts, T., Stanton, K., Dodds, P. S., & Danforth, C. M. (2024). *Collective sleep and activity patterns of college students from wearable devices* [Preprint]. arXiv. https://arxiv.org/abs/2412.17969",Correspond,0,0,0,0,0,0
001,ref,"Knaus, C. (2025, October 20). *The rise of the sleep data nerds: ""The harder you try, the harder it is to sleep""*. The Guardian. https://www.theguardian.com/lifeandstyle/2025/oct/20/smart-watch-wearable-sleep-trackers-data-harder-to-sleep","Knaus, C. (2025, October 20). *The rise of the sleep data nerds: ""The harder you try, the harder it is to sleep""*. The Guardian. https://www.theguardian.com/lifeandstyle/2025/oct/20/smart-watch-wearable-sleep-trackers-data-harder-to-sleep",Correspond,0,0,0,0,0,0
001,ref,"Oaklander, M. (2016, October 20). *Why fitness trackers aren't making us healthier*. TIME. https://time.com/4540110/why-fitness-trackers-arent-making-us-healthier/","Oaklander, M. (2016, October 20). *Why fitness trackers aren't making us healthier*. TIME. https://time.com/4540110/why-fitness-trackers-arent-making-us-healthier/",Correspond,0,0,0,0,0,0
001,ref,"Reed, T. (2026, June 25). *The perils of connecting wearables with medical records*. Axios. https://www.axios.com/2026/06/25/wearables-medical-records-privacy","Reed, T. (2026, June 25). *The perils of connecting wearables with medical records*. Axios. https://www.axios.com/2026/06/25/wearables-medical-records-privacy",Correspond,0,0,0,0,0,0
001,ref,"Wikipedia contributors. (2026, May 15). *Wearable technology*. In *Wikipedia*. https://en.wikipedia.org/wiki/Wearable_technology","Wikipedia contributors. (2026, May 15). *Wearable technology*. In *Wikipedia*. https://en.wikipedia.org/wiki/Wearable_technology",Correspond,0,0,0,0,0,0
003,1,One important reason to include AI in education is that it can reduce teacher workload and expand academic support.,One important reason to include AI in education is that it can reduce teacher workload and expand academic support.,Correspond,0,0,0,0,0,0
003,1,"Gallup said that 6 in 10 U.S. public K-12 teachers used AI tools during the 2024-25 school year, and regular users estimated saving 5.9 hours per week, or about six weeks across a school year.","Gallup found that 6 in 10 U.S. public K-12 teachers used AI tools during the 2024-25 school year, and regular users estimated saving 5.9 hours per week, or about six weeks across a school year (Malek Ash, 2025).",Correspond,0,0,0,1,0,0
003,1,"That time is important because teachers often spend many hours creating materials, changing lessons, and doing administrative work.","That time matters because teachers often spend many hours creating materials, adjusting lessons, and handling administrative work.",Correspond,0,0,0,0,0,1
003,1,"If AI helps make worksheets or make materials for different student needs, teachers may spend more effort on feedback and direct instruction.","If AI helps draft worksheets or modify materials for different student needs, teachers may spend more energy on feedback and direct instruction.",Correspond,0,0,0,0,0,1
003,1,"UNESCO also said that generative AI may help curriculum design, teaching, and learning when its use is carefully validated (Miao & Holmes, 2023).","UNESCO also notes that generative AI may support curriculum design, teaching, and learning when its use is carefully validated (Miao & Holmes, 2023).",Correspond,0,0,0,0,0,1
003,1,It can serve a productive role when they support the teacher rather than replacing the teacher.,"Therefore, AI can serve a productive role when it supports the teacher rather than replacing the teacher.",Correspond,0,1,1,0,0,0
003,2,A second reason for caution is that AI can interfere with real learning when schools use it without clear limits.,A second reason for caution is that AI can interfere with genuine learning when schools use it without clear limits.,Correspond,0,0,0,0,0,1
003,2,"Lee (2025) said that AI has changed the method of cheating more than the amount of cheating, which is an important distinction.","Lee (2025) argues that AI has changed the method of cheating more than the amount of cheating, which is an important distinction.",Correspond,0,0,0,0,0,1
003,2,"In data from public and charter high schools, 11% of students in 2024 and 15% in 2025 reported using AI to complete an entire assignment, while larger numbers used it to generate ideas or revise work (Lee, 2025).","In data from public and charter high schools, 11% of students in 2024 and 15% in 2025 reported using AI to complete an entire assignment, while larger numbers used it to generate ideas or revise work (Lee, 2025).",Correspond,0,0,0,0,0,0
003,2,These findings show that student use is not all the same.,These findings show that student use is not all the same.,Correspond,0,0,0,0,0,0
003,2,"However, they also said that schools cannot ignore the problem.","However, they also show that schools cannot ignore the problem.",Correspond,0,0,0,0,0,0
003,2,"When students rely on AI to make a work for them, writing, analysis, and problem solving may become lower.","When students rely on AI to do the intellectual work for them, writing, analysis, and problem solving may become weaker.",Correspond,0,0,0,0,1,1
003,2,"UNESCO said that the not enough to regulation leaves institutions unprepared and users unprotected (Miao & Holmes, 2023).","UNESCO similarly warns that the lack of regulation leaves institutions unprepared and users insufficiently protected (Miao & Holmes, 2023).",Correspond,0,0,0,0,1,0
003,2,Responsible use therefore requires more than excitement about innovation.,Responsible use therefore requires more than excitement about innovation.,Correspond,0,0,0,0,0,0
003,3,Clear policy and training are the conditions that can make AI educationally useful instead of harmful.,Clear policy and training are the conditions that can make AI educationally useful instead of harmful.,Correspond,0,0,0,0,0,0
003,3,"The AI Education Project's aiEDU Pulse found that more than 80% of educators wanted AI-related professional development, while 75% supported teaching students about AI itself (AI Education Project, 2024).","The AI Education Project's aiEDU Pulse found that more than 80% of educators wanted AI-related professional development, while 75% supported teaching students about AI itself (AI Education Project, 2024).",Correspond,0,0,0,0,0,0
003,3,"At the same time, 56.9% believed AI was more likely to widen achievement gaps than narrow them (AI Education Project, 2024).","At the same time, 56.9% believed AI was more likely to widen achievement gaps than narrow them (AI Education Project, 2024).",Correspond,0,0,0,0,0,0
003,3,Them results suggest that educators do not just want more technology; they want you to make more guidance.,These results suggest that educators do not simply want more technology; they want better guidance.,Correspond,0,0,1,0,1,1
003,3,"UNESCO's guidance supports this approach by calling for privacy protection, ethical validation, and age-appropriate policy frameworks (Miao & Holmes, 2023).","UNESCO's guidance supports this approach by calling for privacy protection, ethical validation, and age-appropriate policy frameworks (Miao & Holmes, 2023).",Correspond,0,0,0,0,0,0
003,3,AI literacy can also help students understand when AI is a useful assistant and when it becomes a substitute for thought.,AI literacy can also help students understand when AI is a useful assistant and when it becomes a substitute for thought.,Correspond,0,0,0,0,0,0
003,ref,AI Education Project. (2024). *aiEDU Pulse*. https://www.aiedu.org/pulse,AI Education Project. (2024). *aiEDU Pulse*. https://www.aiedu.org/pulse,Correspond,0,0,0,0,0,0
003,ref,,"Lee, V. R. (2025, September 25). *I study AI cheating. Here's what the data actually says*. Vox. https://www.vox.com/technology/458875/ai-cheating-data-education-panic",Removed,0,0,0,1,0,0
003,ref,"Malek Ash, A. (2025, June 25). *Three in 10 teachers use AI weekly, saving six weeks a year*. Gallup. https://news.gallup.com/poll/691967/three-teachers-weekly-saving-six-weeks-year.aspx","Malek Ash, A. (2025, June 25). *Three in 10 teachers use AI weekly, saving six weeks a year*. Gallup. https://news.gallup.com/poll/691967/three-teachers-weekly-saving-six-weeks-year.aspx",Correspond,0,0,0,0,0,0
003,ref,"Miao, F., & Holmes, W. (2023). *Guidance for generative AI in education and research*. UNESCO. https://www.unesco.org/en/articles/guidance-generative-ai-education-and-research","Miao, F., & Holmes, W. (2023). *Guidance for generative AI in education and research*. UNESCO. https://www.unesco.org/en/articles/guidance-generative-ai-education-and-research",Correspond,0,0,0,0,0,0
004,1,Social media is good when adolescents use it to maintain relationships and express themselves.,Social media offers meaningful benefits when adolescents use it to maintain relationships and express themselves.,Correspond,0,0,0,0,0,1
004,1,The U.S. Department of Health and Human Services (2023) said young people use social media to find community and explore their identities.,"According to the U.S. Department of Health and Human Services (2023), online spaces can help young people find community, explore their identities, and stay connected with friends.",Correspond,0,0,0,0,0,1
004,1,"Social media is an effective way to advertise, too.",,New,1,1,0,0,0,0
004,1,"The Surgeon General's advisory said that many young people report feeling good (U.S. Department of Health and Human Services, 2023).","In addition, the Surgeon General's advisory notes that many young people report feeling more accepted and more supported because of social media use (U.S. Department of Health and Human Services, 2023).",Correspond,0,0,0,0,0,1
004,1,,"Recent reporting on a Pew Research Center survey also shows that many teens still see social media as a place for friendship and creativity, even while recognizing its weaknesses (*The Washington Post*, 2025).",Removed,0,0,0,0,0,0
004,1,Social media is not only harmful.,"For these reasons, social media should not be dismissed as entirely harmful.",Correspond,0,0,0,0,0,0
004,2,"However, the bad side of social media is easy to see.","However, the harms of social media become difficult to ignore when use is excessive or shaped by unhealthy platform design.",Correspond,0,0,0,0,0,1
004,2,The U.S. Department of Health and Human Services (2023) said that adolescents who spend more than three hours a day on social media may have double the risk of poor mental health outcomes.,"The U.S. Department of Health and Human Services (2023) reports that adolescents who spend more than three hours a day on social media may face double the risk of poor mental health outcomes, including symptoms of anxiety and depression.",Correspond,0,0,0,0,0,0
004,2,"The same advisory highlights concerns about cyberbullying, harmful content, poor sleep, and body image pressure.","The same advisory highlights concerns about cyberbullying, harmful content, poor sleep, and body image pressure.",Correspond,0,0,0,0,0,0
004,2,I often have bad sleep because of my social media using too much it is bad.,,New,1,1,1,0,1,0
004,2,These risks are not only theoretical.,These risks are not only theoretical.,Correspond,0,0,0,0,0,0
004,2,"*The Washington Post* (2025) said that 48% of teens now think social media have a mostly negative effect on people their age, and 45% say they spend too much time on it.","*The Washington Post* (2025) reports that 48% of teens now believe social media has a mostly negative effect on people their age, and 45% say they spend too much time on it.",Correspond,0,0,0,0,1,0
004,2,This shift is important because it suggests that even frequent users more and more know the bad emotional of too much exposure and interruption.,"This shift matters because it suggests that even frequent users increasingly recognize the emotional costs of constant exposure, comparison, and interruption.",Correspond,0,0,0,0,1,0
004,3,"Because social media produces both good and bad things, the biggest response is neither panic nor passivity.","Because social media produces both benefits and harms, the strongest response is neither panic nor passivity.",Correspond,0,0,0,0,0,1
004,3,Alluhidan et al. (2024) said that adolescents said about negative experiences most often.,"Alluhidan et al. (2024) found that adolescents described negative experiences most often, yet they also used social media to seek connection, support, and information.",Split,0,0,0,0,1,0
004,3,But they also used social media to find friends and information.,"Alluhidan et al. (2024) found that adolescents described negative experiences most often, yet they also used social media to seek connection, support, and information.",Split,0,1,0,0,0,1
004,3,"This mixed pattern suggests that the problem is not simply the existence of social media, but the conditions under which it is used.","This mixed pattern suggests that the problem is not simply the existence of social media, but the conditions under which it is used.",Correspond,0,0,0,0,0,0
004,3,"Schools and families should try good habits such as time limits and good sleep routines, while technology companies should reduce bad design features and improve safety protections.","Therefore, schools and families should encourage healthier habits such as time limits and better sleep routines, while technology companies should reduce harmful design features and improve safety protections.",Correspond,0,0,0,0,0,1
004,3,"The Surgeon General's advisory also said that collective action from policymakers, companies, caregivers, and young people is important.","The Surgeon General's advisory similarly argues for collective action from policymakers, companies, caregivers, and young people rather than assuming that adolescents alone can manage these risks (U.S. Department of Health and Human Services, 2023).",Split,0,0,0,1,0,0
004,3,"I don't assuming that adolescents alone can manage these risks (U.S. Department of Health and Human Services, 2023).","The Surgeon General's advisory similarly argues for collective action from policymakers, companies, caregivers, and young people rather than assuming that adolescents alone can manage these risks (U.S. Department of Health and Human Services, 2023).",Split,0,1,1,0,1,0
004,ref,"Alluhidan, A., Akter, M., Alsoubai, A., Park, J., & Wisniewski, P. (2024). *Teen talk: The good, the bad, and the neutral of adolescent social media use* [Preprint]. arXiv. https://arxiv.org/abs/2409.02358","Alluhidan, A., Akter, M., Alsoubai, A., Park, J., & Wisniewski, P. (2024). *Teen talk: The good, the bad, and the neutral of adolescent social media use* [Preprint]. arXiv. https://arxiv.org/abs/2409.02358",Correspond,0,0,0,0,0,0
004,ref,,U.S. Department of Health and Human Services. (2023). *Social media and youth mental health: The U.S. Surgeon General's advisory*. https://www.hhs.gov/sites/default/files/sg-youth-mental-health-social-media-advisory.pdf,Removed,0,0,0,1,0,0
004,ref,"*The Washington Post*. (2025, April 25). *Even some teens say social media is hurting their mental health*. https://www.washingtonpost.com/lifestyle/2025/04/25/teens-mental-health-social-media/","*The Washington Post*. (2025, April 25). *Even some teens say social media is hurting their mental health*. https://www.washingtonpost.com/lifestyle/2025/04/25/teens-mental-health-social-media/",Correspond,0,0,0,0,0,0
005,1,Supporters of school uniforms said that it simplify daily school life.,Supporters of school uniforms argue that they simplify daily school life and reduce visible pressure about fashion.,Split,0,0,1,0,1,0
005,1,It also reduce pressure about fashion.,Supporters of school uniforms argue that they simplify daily school life and reduce visible pressure about fashion.,Split,0,0,1,0,1,0
005,1,McCarthy (2024) said people believe uniforms can improve life.,"According to McCarthy (2024), advocates believe uniforms can improve safety, reduce stress over clothing choices, and help students focus more on school than on brands or trends.",Correspond,0,0,0,0,0,1
005,1,These argument are understandable because uniforms can make mornings easier for families.,These arguments are understandable because uniforms can make mornings easier for families and may reduce some obvious comparisons between wealthy and low-income students.,Correspond,0,0,0,0,1,1
005,1,A shared dress standard can create a big visual identity for a school.,"In addition, a shared dress standard can create a stronger visual identity for a school.",Correspond,0,1,0,0,0,1
005,1,Uniforms may appear to offer an efficient way to encourage order and equality.,"For these reasons, uniforms may appear to offer an efficient way to encourage order and equality.",Correspond,0,1,0,0,0,0
005,2,"However, research does not support the claim that uniforms lead to big improvement.","However, research does not strongly support the claim that uniforms lead to major academic or behavioral improvement.",Correspond,0,0,0,0,0,1
005,2,"Researchers said that uniforms were not a good solution for truancy, behavior problems, substance use, or academic achievement.","Brunsma and Rockquemore (1998) found that uniforms were not an effective solution for truancy, behavior problems, substance use, or academic achievement.",Correspond,0,0,0,1,0,1
005,2,This finding is important because many uniform policies are promoted as if they will directly improve student performance.,This finding is important because many uniform policies are promoted as if they will directly improve student performance.,Correspond,0,0,0,0,0,0
005,2,More recent evidence agrees.,More recent evidence points in the same direction.,Correspond,0,0,0,0,0,1
005,2,"In a report on France's recent school uniform experiment, Piquet (2026) said that an official assessment released on May 12, 2026 found only limited effects on student behavior and learning, with mixed results for the school climate.","In a report on France's recent school uniform experiment, Piquet (2026) explained that an official assessment released on May 12, 2026 found only limited effects on student behavior and learning, with mixed results for the school climate.",Correspond,0,0,0,0,0,1
005,2,Uniforms may change appearance more easily than they change the deeper causes of school problems.,"Therefore, uniforms may change appearance more easily than they change the deeper causes of school problems.",Correspond,0,1,0,0,0,0
005,3,"In addition, uniforms can create practical and social problems and it is important for schools to think about them.","In addition, mandatory uniforms can create practical and social problems that schools should not ignore.",Correspond,0,0,0,0,0,1
005,3,"McCarthy (2024) noted that uniforms can place a big financial burden on families, especially when schools need specific things from approved sellers.","McCarthy (2024) noted that uniforms can place a financial burden on families, especially when schools require specific items from approved sellers.",Correspond,0,0,0,0,0,1
005,3,"Uniforms may also stop student self-expression, which is a big issue during the school years, when identity is still developing.","Uniforms may also limit student self-expression, which is a meaningful issue during the school years, when identity is still developing.",Correspond,0,0,0,0,0,1
005,3,We want students to develop a wonderful identity in school.,,New,0,0,1,0,0,0
005,3,"Furthermore, some uniform designs are not same comfortable for all students.","Furthermore, some uniform designs are not equally comfortable or practical for all students.",Correspond,0,0,0,0,1,1
005,3,"Weale (2024) said about Cambridge research suggesting that uniforms may reduce physical activity among younger children, especially girls.","Weale (2024) reported on Cambridge research suggesting that restrictive uniforms may reduce physical activity among younger children, especially girls.",Correspond,0,0,0,0,1,1
005,3,"If a policy makes movement less comfortable or can stop active play, then that policy may work against schools' big educational and health goals.","If a policy makes movement less comfortable or discourages active play, then that policy may work against schools' broader educational and health goals.",Correspond,0,0,0,0,0,1
005,ref,"Brunsma, D. L., & Rockquemore, K. A. (1998). Effects of student uniforms on attendance, behavior problems, substance use, and academic achievement. *The Journal of Educational Research, 92*(1), 53-62.","Brunsma, D. L., & Rockquemore, K. A. (1998). Effects of student uniforms on attendance, behavior problems, substance use, and academic achievement. *The Journal of Educational Research, 92*(1), 53-62.",Correspond,0,0,0,0,0,0
005,ref,,"McCarthy, J. (2024, May 30). *The pros and cons of school uniforms for students*. Parents. https://www.parents.com/school-uniforms-pros-and-cons-8653226",Removed,0,0,0,1,0,0
005,ref,"Piquet, C. (2026, May 15). *School uniforms have 'limited effects on student behavior and learning,' French experiment reveals*. Le Monde. https://www.lemonde.fr/en/france/article/2026/05/15/school-uniforms-have-limited-effects-on-student-behavior-and-learning-according-to-initial-reports-in-french-experiment_6753469_7.html","Piquet, C. (2026, May 15). *School uniforms have 'limited effects on student behavior and learning,' French experiment reveals*. Le Monde. https://www.lemonde.fr/en/france/article/2026/05/15/school-uniforms-have-limited-effects-on-student-behavior-and-learning-according-to-initial-reports-in-french-experiment_6753469_7.html",Correspond,0,0,0,0,0,0
005,ref,"Weale, S. (2024, February 15). *School uniforms may be barrier to physical activity among younger girls*. The Guardian. https://www.theguardian.com/education/2024/feb/15/school-uniforms-may-be-barrier-to-physical-activity-among-younger-girls","Weale, S. (2024, February 15). *School uniforms may be barrier to physical activity among younger girls*. The Guardian. https://www.theguardian.com/education/2024/feb/15/school-uniforms-may-be-barrier-to-physical-activity-among-younger-girls",Correspond,0,0,0,0,0,0
006,1,Club activities can help students feel close.,Club activities can give students a sense of belonging that ordinary classes do not always create.,Correspond,0,0,0,0,0,1
006,1,"In general, club activities are organized school-related experiences outside school work and they have clubs, arts, and sports (Wikipedia contributors, 2025).","In general, extracurricular activities are organized school-related experiences outside the formal curriculum and often include clubs, arts, and sports (Wikipedia contributors, 2025).",Correspond,0,0,0,0,1,1
006,1,This part of school life is important because it gives students goals and we have a community within a large institution.,This part of school life matters because it gives students a shared purpose and a smaller community within a large institution.,Correspond,0,0,1,0,0,1
006,1,"For some students, that connection may be very important.","For some students, that connection may be especially important.",Correspond,0,0,0,0,0,1
006,1,"Researchers said that among bad treatment children, participation in school clubs help them graduate by 2.54 times.","Lemkin et al. (2018) found that among maltreated youth, participation in school clubs was associated with 2.54 times the odds of graduating.",Correspond,0,0,0,1,1,1
006,1,This means that students can graduate even if they have a bad time.,This finding does not mean every club guarantees success.,Correspond,0,0,0,0,0,1
006,1,But I am worried if I will graduate.,,New,1,1,1,0,0,0
006,1,It suggests that school clubs can make a connection with school strong for poor students.,"However, it does suggest that school clubs can strengthen attachment to school, especially for students who might otherwise drift away from it.",Correspond,0,1,0,0,0,1
006,2,"In addition, the benefits of club activities are social and emotional.","In addition, the strongest benefits of club activities appear to be social and emotional rather than purely academic.",Correspond,0,0,0,0,0,1
006,2,Many people think that if they join several activities will improve my grades.,"Many people assume that joining several activities will naturally improve grades, but the evidence is more limited than that belief suggests.",Correspond,0,0,1,0,1,1
006,2,O'Flaherty et al. (2022) researched club activities.,O'Flaherty et al. (2022) examined extracurricular participation with a fixed-effects approach designed to reduce hidden bias.,Correspond,0,0,0,0,0,1
006,2,He found that the positive effects became smaller than people think.,"They found that the positive effects became smaller after stricter analysis, and academic effects were minimal.",Correspond,0,0,1,0,0,1
006,2,"Sports clubs still has beneficial effects for mental health, while art clubs had better interaction between people.","Even so, sports still showed beneficial effects for mental health, while arts participation remained linked to better peer-group characteristics.",Correspond,0,0,0,0,1,1
006,2,"So, club activities are cannot replace academic work.","Therefore, club activities should not be defended mainly as an academic shortcut.",Correspond,0,1,0,0,1,1
006,2,And I think club activities are more important for friends.,,New,1,1,1,0,0,0
006,2,The benefit of clubs lies in helping students build confidence and make good friends.,"Their stronger value lies in helping students develop confidence, healthier peer environments, and a more positive school experience.",Correspond,0,0,0,0,0,1
006,3,"But sometimes, club activities don't give benefit because students can have too much work.","However, club activities are not beneficial in every form, because too many commitments can create new problems.",Correspond,0,0,0,0,1,1
006,3,"Owens and Weiss (2017) said young people don't get enough sleep because of club activities, lots of homework and go to school early.","Owens and Weiss (2017) identified extracurricular activities as one factor that can contribute to insufficient sleep in adolescents, along with heavy homework and early school start times.",Correspond,0,0,0,1,1,1
006,3,Lack of sleep can damage attention.,"Lack of sleep can harm attention, mood, and school performance, which weakens the very benefits clubs are supposed to support.",Split,0,0,0,0,0,1
006,3,It weakens the benefits of clubs.,"Lack of sleep can harm attention, mood, and school performance, which weakens the very benefits clubs are supposed to support.",Split,0,0,1,0,0,1
006,3,,"Furthermore, the kind of activity also matters.",Removed,0,0,0,0,0,0
006,3,"Fagan et al. (2022) found that non-competitive school sport stop drug use, but other sport was not clear.","Fagan et al. (2022) found that non-competitive school sport reduced some substance-use risks, but other forms of sport showed mixed patterns, and school connectedness shaped the results.",Correspond,0,1,0,0,1,1
006,3,Schools should not judge success by the number of activities alone.,"For this reason, schools should not judge success by the number of activities alone.",Correspond,0,1,0,0,0,0
006,3,"Instead, they should focus on whether clubs are meaningful, balanced, and connected to student well-being.","Instead, they should focus on whether clubs are meaningful, balanced, and connected to student well-being.",Correspond,0,0,0,0,0,0
006,ref,"Fagan, M. J., Duncan, M. J., Bedi, R. P., Puterman, E., Leatherdale, S. T., & Faulkner, G. (2022). Physical activity and substance use among Canadian adolescents: Examining the moderating role of school connectedness. *Frontiers in Public Health, 10*, Article 889987. https://doi.org/10.3389/fpubh.2022.889987","Fagan, M. J., Duncan, M. J., Bedi, R. P., Puterman, E., Leatherdale, S. T., & Faulkner, G. (2022). Physical activity and substance use among Canadian adolescents: Examining the moderating role of school connectedness. *Frontiers in Public Health, 10*, Article 889987. https://doi.org/10.3389/fpubh.2022.889987",Correspond,0,0,0,0,0,0
006,ref,"Lemkin, A., Kistin, C. J., Cabral, H. J., Aschengrau, A., & Bair-Merritt, M. (2018). School connectedness and high school graduation among maltreated youth. *Child Abuse & Neglect, 75*, 130-138. https://doi.org/10.1016/j.chiabu.2017.04.023","Lemkin, A., Kistin, C. J., Cabral, H. J., Aschengrau, A., & Bair-Merritt, M. (2018). School connectedness and high school graduation among maltreated youth. *Child Abuse & Neglect, 75*, 130-138. https://doi.org/10.1016/j.chiabu.2017.04.023",Correspond,0,0,0,0,0,0
006,ref,,"O'Flaherty, M., Baxter, J., & Campbell, A. (2022). Do extracurricular activities contribute to better adolescent outcomes? A fixed-effects panel data approach. *Journal of Adolescence, 94*(6), 855-866. https://doi.org/10.1002/jad.12069",Removed,0,0,0,1,0,0
006,ref,,"Owens, J. A., & Weiss, M. R. (2017). Insufficient sleep in adolescents: Causes and consequences. *Minerva Pediatrica, 69*(4), 326-336. https://doi.org/10.23736/S0026-4946.17.04914-3",Removed,0,0,0,1,0,0
006,ref,,"Wikipedia contributors. (2025, March 31). *Extracurricular activity*. In *Wikipedia*. https://en.wikipedia.org/wiki/Extracurricular_activity",Removed,0,0,0,1,0,0
007,1,Convenience stores are important because they are close to the place people live.,Convenience stores play an important role because they are physically close to where people live and travel.,Correspond,0,0,0,0,0,1
007,1,"The U.S. Department of Agriculture's Economic Research Service explains that its Food Access Research Atlas measures how easy low-income people can reach supermarkets (U.S. Department of Agriculture, Economic Research Service [USDA ERS], 2025).","The U.S. Department of Agriculture's Economic Research Service explains that its Food Access Research Atlas measures supermarket accessibility and low-income, low-access census tracts across the United States (U.S. Department of Agriculture, Economic Research Service [USDA ERS], 2025).",Correspond,0,0,0,0,0,1
007,1,This big concern about distance can help explain why small neighborhood stores are important.,This broader concern about distance helps explain why small neighborhood stores remain significant.,Correspond,0,0,0,0,0,1
007,1,"About 14% of SNAP benefits in 2024 were spent at convenience stores, which are easier to reach.","According to an Associated Press report, about 14% of SNAP benefits in 2024 were spent at smaller grocery and convenience stores, which are often easier for beneficiaries to reach than large superstores (Durbin, 2025).",Correspond,0,0,0,1,0,1
007,1,"Convenience stores reduce the time and transport barriers that can make regular shopping difficult for working families, older adults, and residents of food deserts.","Therefore, convenience stores reduce the time and transportation barriers that can make regular shopping difficult for working families, older adults, and residents of food deserts.",Correspond,0,1,0,0,0,1
007,2,"Convenience stores are also important because they can make neighborhood economies strong and give important services, not just snacks.",Convenience stores also matter because they can strengthen neighborhood economies and offer practical services beyond snacks.,Correspond,0,0,0,0,0,1
007,2,Durbin (2025) reports that conveniece stores lose sales when SNAP benefits were delayed.,"Durbin (2025) reports that small grocers and convenience stores felt an immediate sales decline when SNAP benefits were delayed, showing that these stores are closely tied to local household spending.",Split,0,0,0,0,1,1
007,2,This shows that these stores are related with local household spending.,"Durbin (2025) reports that small grocers and convenience stores felt an immediate sales decline when SNAP benefits were delayed, showing that these stores are closely tied to local household spending.",Split,0,0,0,0,1,1
007,2,The same article describes Kansas City convenience stores.,"The same article describes Kansas City convenience stores that stocked produce through a nonprofit partnership, suggesting that some stores are adapting to community needs instead of relying only on junk food sales.",Split,0,0,0,0,0,1
007,2,"It stocked goods from a nonprofit partnership, which means that some stores change to meet community needs and don't rely only on junk food sales.","The same article describes Kansas City convenience stores that stocked produce through a nonprofit partnership, suggesting that some stores are adapting to community needs instead of relying only on junk food sales.",Split,0,0,0,0,1,1
007,2,"Small stores are open later than supermarkets and we can get milk, bread, fruit, or cooked food late at night.","In addition, small stores often stay open later than supermarkets and provide quick access to milk, bread, fruit, or prepared food during irregular work hours.",Correspond,0,1,1,0,0,1
007,2,A late-night worker can use a convenience store when big supermarkets are closed.,"For example, a late-night shift worker may depend on a nearby convenience store when larger retailers are closed.",Correspond,0,1,0,0,0,1
007,2,So convenience stores are important for daily life.,These functions help explain why such stores remain woven into daily neighborhood life.,Correspond,0,0,0,0,0,1
007,3,"However, convenience stores have important disadvantages.","However, convenience stores have serious limitations that should not be ignored.",Correspond,0,0,0,0,0,1
007,3,Research on rural food environments found that grocery stores were better than convenience stores for getting healthy food.,"Research on rural food environments found that grocery stores scored much higher than convenience stores on measures of healthy food availability, with grocery stores averaging far stronger nutrition environment scores than convenience stores (McCormack et al., 2021).",Correspond,0,0,0,1,0,1
007,3,"Supermarkets have more stronger nutritious food than convenience stores (McCormack et al., 2021).","Research on rural food environments found that grocery stores scored much higher than convenience stores on measures of healthy food availability, with grocery stores averaging far stronger nutrition environment scores than convenience stores (McCormack et al., 2021).",Correspond,0,0,0,0,1,1
007,3,"So people can reach convenience stores easily, but it does not always have healthy food.","This finding supports a common criticism: convenience stores may offer access, but access alone does not guarantee healthy choices.",Correspond,0,0,1,0,1,1
007,3,It is important to have healthy food to raise a young children.,"When shelves are dominated by processed foods, customers may face a limited range of affordable nutritious items.",Correspond,1,0,0,0,1,1
007,3,"So, I think that communities that use convenience stores have bad diets.","As a result, communities that depend too heavily on convenience stores may still experience poor diet quality.",Correspond,0,1,1,0,0,1
007,3,"Convenience stores can help reduce distance barriers, but they do not help people have a good diet.","Convenience stores can help reduce distance barriers, yet they cannot fully solve the larger structural problem of unequal access to full-service grocery stores.",Correspond,0,0,0,0,0,1
007,ref,"McCormack, L. A., Meendering, J. R., Burdette, L., Prosch, N., Moore, L., & Stluka, S. (2021). Quantifying the food and physical activity environments in rural, high obesity communities. *International Journal of Environmental Research and Public Health, 18*(24), 13344. https://doi.org/10.3390/ijerph182413344","McCormack, L. A., Meendering, J. R., Burdette, L., Prosch, N., Moore, L., & Stluka, S. (2021). Quantifying the food and physical activity environments in rural, high obesity communities. *International Journal of Environmental Research and Public Health, 18*(24), 13344. https://doi.org/10.3390/ijerph182413344",Correspond,0,0,0,0,0,0
007,ref,,"Durbin, D.-A. (2025, November 12). *Small grocers and convenience stores feel an impact as customers go without SNAP benefits*. AP News. https://apnews.com/article/snap-food-benefits-groceries-stores-shutdown-e52af573b4b29beae9cb193892998b0c",Removed,0,0,0,1,0,0
007,ref,"U.S. Department of Agriculture, Economic Research Service. (2025, September 23). *Food Access Research Atlas*. https://www.ers.usda.gov/data-products/food-access-research-atlas/","U.S. Department of Agriculture, Economic Research Service. (2025, September 23). *Food Access Research Atlas*. https://www.ers.usda.gov/data-products/food-access-research-atlas/",Correspond,0,0,0,0,0,0
008,1,Anime and manga now function as a useful international business as well as an art form.,Anime and manga now function as a serious international business as well as an art form.,Correspond,0,0,0,0,0,1
008,1,"The *Financial Times* showed that the global anime market reached 3.4 trillion yen in 2023, and more than half of anime revenue came from outside Japan (Financial Times, 2025).","The *Financial Times* reports that the global anime market reached a record 3.4 trillion yen in 2023, and more than half of anime revenue came from outside Japan (Financial Times, 2025).",Correspond,0,0,0,0,0,1
008,1,"That figure showed that anime is part of the global entertainment economy, not a small domestic product.","That figure shows that anime is part of the global entertainment economy, not a small domestic product.",Correspond,0,0,0,0,0,0
008,1,"Matt Alt (2025) showed that popular manga series are licensed for animation and then streamed internationally, creating a cycle in which books promote shows and shows promote books.","In addition, Matt Alt (2025) explains that popular manga series are frequently licensed for animation and then streamed internationally, creating a cycle in which books promote shows and shows promote books.",Correspond,0,1,0,0,0,1
008,1,This relationship showed why comics and shows such as *Naruto* and *Demon Slayer* are international.,This relationship helps explain why franchises such as *Naruto* and *Demon Slayer* travel so effectively across borders.,Correspond,0,0,0,0,0,1
008,1,"Therefore, anime and manga succeed not only because of artistic appeal but also because they reinforce each other commercially.","Therefore, anime and manga succeed not only because of artistic appeal but also because they reinforce each other commercially.",Correspond,0,0,0,0,0,0
008,2,Anime and manga also create cultural connections.,Anime and manga also create cultural connections that go beyond sales numbers.,Correspond,0,0,0,0,0,1
008,2,"According to the Anime Tourism Association, its mission is to organize ""Japanese Anime 88-Spots"" and connect local regions, companies, and content holders in order to welcome tourists and encourage new economic growth (Anime Tourism Association, n.d.).","According to the Anime Tourism Association, its mission is to organize ""Japanese Anime 88-Spots"" and connect local regions, companies, and content holders in order to welcome tourists and encourage new economic growth (Anime Tourism Association, n.d.).",Correspond,0,0,0,0,0,0
008,2,"Also, anime can foster connections between people in a local area because people from the local area can sometimes come from different cultures and make Japanese anime more popular around the world.",,New,0,0,0,0,1,0
008,2,This goal shows how fictional stories can change the local area in a good way.,This goal shows how fictional stories can reshape real places.,Correspond,0,0,0,0,0,1
008,2,"Fans often want to visit the landscapes, shrines, train stations, or neighborhoods where an anime series was based on.","Fans often want to visit the landscapes, shrines, train stations, or neighborhoods associated with a series.",Correspond,0,0,0,0,0,1
008,2,"In addition, this tourism introduces international visitors to local Japanese communities that might otherwise receive less attention.","In addition, this tourism introduces international visitors to local Japanese communities that might otherwise receive less attention.",Correspond,0,0,0,0,0,0
008,2,"As a result, anime and manga can act as bridges between media consumption and regional development.","As a result, anime and manga can act as bridges between media consumption and regional development.",Correspond,0,0,0,0,0,0
008,3,"However, the success of anime and manga brings serious costs.","However, the success of anime and manga brings serious costs that should not be ignored.",Correspond,0,0,0,0,0,1
008,3,"Alt (2025) describes the world of *Weekly Shonen Jump* as one of relentless deadlines, intense reader rankings, and heavy physical and mental pressure on creators.","Alt (2025) describes the world of *Weekly Shonen Jump* as one of relentless deadlines, intense reader rankings, and heavy physical and mental pressure on creators.",Correspond,0,0,0,0,0,0
008,3,"He notes that serialized artists can feel trapped in a constant cycle of ""next, next, next,"" and that health concerns have pushed the industry to create more support systems.","He notes that serialized artists can feel trapped in a constant cycle of ""next, next, next,"" and that health concerns have pushed the industry to create more support systems.",Correspond,0,0,0,0,0,0
008,3,This evidence suggests that global demand may reward speed and dependable franchises more than experimentation.,This evidence suggests that global demand may reward speed and dependable franchises more than experimentation.,Correspond,0,0,0,0,0,0
008,3,This means that maybe the original idea of anime is getting lost.,,New,0,0,0,0,0,1
008,3,Like some people can't create new things.,,New,0,1,0,0,1,1
008,3,"In the same article, Alt argues that reader surveys and franchise logic can encourage sameness in content, even while they produce major hits.","In the same article, Alt argues that reader surveys and franchise logic can encourage sameness in content, even while they produce major hits.",Correspond,0,0,0,0,0,0
008,3,"However effective this system may be in business terms, it risks exhausting artists and narrowing the range of stories that reach audiences.","However effective this system may be in business terms, it risks exhausting artists and narrowing the range of stories that reach audiences.",Correspond,0,0,0,0,0,0
008,ref,,"Alt, M. (2025, August 25). *How Weekly Shonen Jump became the world's most popular manga factory*. *The New Yorker*. https://www.newyorker.com/magazine/2025/09/01/how-weekly-shonen-jump-became-the-worlds-most-popular-manga-factory",Removed,0,0,0,1,0,0
008,ref,Anime Tourism Association. (n.d.). *Anime tourism association overview*. https://animetourism88.com/en/about-en/animetourismassociation-en/,Anime Tourism Association. (n.d.). *Anime tourism association overview*. https://animetourism88.com/en/about-en/animetourismassociation-en/,Correspond,0,0,0,0,0,0
008,ref,"Financial Times. (2025, June 5). *Sony turns anime from fandom to financials*. https://www.ft.com/content/a04b279a-ea19-4982-b2e5-f7f4630859cb","Financial Times. (2025, June 5). *Sony turns anime from fandom to financials*. https://www.ft.com/content/a04b279a-ea19-4982-b2e5-f7f4630859cb",Correspond,0,0,0,0,0,0
009,1,Video games can help brain development.,Video games may support some forms of cognitive development.,Correspond,,,,,,
009,1,"Mayer (2022) reports on a JAMA Network Open study of more than 2,200 children ages only nine and ten and he found that children who played video games had stronger performance on memory tests.","Mayer (2022) reports on a JAMA Network Open study of more than 2,200 children ages nine and ten that found stronger performance on tests of impulse control and short-term memory among children who played video games for three or more hours per day.",Correspond,,,,,,
009,1,So I think that playing games can be good for children.,,New,,,,,,
009,1,,The same report notes that brain imaging showed greater activity in regions associated with attention and memory.,Removed,,,,,,
009,1,"This information does not prove that video games caused brain development (Mayer, 2022).","These findings do not prove that video games directly caused better cognitive performance, and the article itself warns against drawing that conclusion too quickly (Mayer, 2022).",Correspond,,,,,,
009,1,"So, the results still suggest that games can involve problem solving rather than passive screen use.","However, the results still suggest that games can involve concentration, fast decision-making, and problem-solving rather than passive screen use alone.",Correspond,,,,,,
009,2,Video games can also make social connection stronger among teenagers.,"Video games can also strengthen social connection, especially among teenagers.",Correspond,,,,,,
009,2,"56% of U.S. teenagers say games help their problem-solving skills, 47% say games help them build friendships, and 41% say games make it easier to work with other people.","According to Fitzpatrick (2024), 56% of U.S. teens say games help their problem-solving skills, 47% say games help them build friendships, and 41% say games make it easier to work with others.",Correspond,,,,,,
009,2,"In addition, Lenhart (2015) found that 78% of teenagers felt more connected to people they already knew when they played online together.","In addition, Lenhart (2015) found that 78% of teen online gamers felt more connected to friends they already knew when they played online together.",Correspond,,,,,,
009,2,"So, this evidence is important because it means that gaming is not always by yourself.",This evidence matters because it challenges the stereotype that gaming is always solitary.,Correspond,,,,,,
009,2,Many games must have cooperation and regular communication.,"Many games require cooperation, shared goals, and regular communication.",Correspond,,,,,,
009,2,Communication is important for teenagers when they are growing up.,,New,,,,,,
009,2,Multiplayer games ask players to plan strategies and divide tasks.,"For example, multiplayer games often ask players to plan strategies, divide tasks, and respond to each other quickly.",Correspond,,,,,,
009,2,So gaming can be a real social space and not only an escape from social life.,"As a result, gaming can function as a real social space rather than only as an escape from social life.",Correspond,,,,,,
009,3,"However, we have to have a good balance of gaming.","However, the positive case for video games becomes weaker when gaming loses balance.",Correspond,,,,,,
009,3,"41% of teenagers say games have damaged the amount they sleep, and 43% said about harassment from other people.","Fitzpatrick (2024) notes that 41% of teens say games have harmed the amount they sleep, and 43% report harassment from other gamers.",Correspond,,,,,,
009,3,These findings show that the gaming can cause problems even if people enjoy benefits.,These findings show that the gaming environment can produce real problems even when many players enjoy benefits from it.,Correspond,,,,,,
009,3,I think we must be careful of the big problems because of the games.,,New,,,,,,
009,3,The World Health Organization (n.d.) also recognizes sometimes people continue to play games even if it has negative effects on them.,"The World Health Organization (n.d.) also recognizes gaming disorder as a pattern of impaired control, increasing priority given to gaming over other activities, and continued play despite negative consequences.",Correspond,,,,,,
009,3,The WHO adds that this problem affects only a small proportion of gamers.,"At the same time, the WHO adds that this disorder affects only a small proportion of gamers.",Correspond,,,,,,
009,3,"So, the main lesson is not that video games are only dangerous, but playing too much can become damage when it stops people to rest, study, or make good friends.","Therefore, the main lesson is not that video games are inherently dangerous, but that excessive play can become harmful when it replaces rest, study, or healthy relationships.",Correspond,,,,,,
009,ref,"Fitzpatrick, A. (2024, May 9). *Friendships, problem-solving: How video games are helping U.S. teens*. Axios. https://www.axios.com/2024/05/09/video-games-benefits-teens-mental-health-friendships","Fitzpatrick, A. (2024, May 9). *Friendships, problem-solving: How video games are helping U.S. teens*. Axios. https://www.axios.com/2024/05/09/video-games-benefits-teens-mental-health-friendships",Correspond,,,,,,
009,ref,,"Lenhart, A. (2015, August 6). *Teens, technology and friendships*. Pew Research Center. https://www.pewresearch.org/internet/2015/08/06/teens-technology-and-friendships/",Removed,,,,,,
009,ref,"Mayer, B. A. (2022, October 27). *Study shows video games can offer benefits to kids' brains*. Parents. https://www.parents.com/study-shows-video-games-can-offer-benefits-to-kids-brains-6822498","Mayer, B. A. (2022, October 27). *Study shows video games can offer benefits to kids' brains*. Parents. https://www.parents.com/study-shows-video-games-can-offer-benefits-to-kids-brains-6822498",Correspond,,,,,,
009,ref,World Health Organization. (n.d.). *Gaming disorder*. https://www.who.int/standards/classifications/frequently-asked-questions/gaming-disorder,World Health Organization. (n.d.). *Gaming disorder*. https://www.who.int/standards/classifications/frequently-asked-questions/gaming-disorder,Correspond,,,,,,
010,1,Music festivals are important because they help build community.,Music festivals matter because they create forms of community that ordinary concerts do not always provide.,Correspond,0,0,0,0,0,1
010,1,"In New Zealand, Henry Oliver (2026) describes festivals as a cultural rite of passage.","In New Zealand, Henry Oliver (2026) describes festivals as a cultural rite of passage and notes that they have long served as launch pads for emerging artists.",Split,0,0,0,0,0,0
010,1,He notes that they are also launch pads for new artists.,"In New Zealand, Henry Oliver (2026) describes festivals as a cultural rite of passage and notes that they have long served as launch pads for emerging artists.",Split,0,0,0,0,0,1
010,1,That role matters because festivals do not only show famous performers; they also give small acts a chance to reach a big audience.,That role matters because festivals do not only showcase famous performers; they also give smaller acts a chance to reach larger audiences and become part of a wider music scene.,Correspond,0,0,0,0,0,1
010,1,"Festivals bring together different people together even if they have different ages, neighborhoods, or tastes.","In addition, festivals bring together people who might otherwise remain separated by age, neighborhood, or taste.",Correspond,0,1,0,0,1,1
010,1,"Even when the music is the main thing, the event can still create a feeling of being together with new people.","Even when the music is the main attraction, the event can still create a shared identity around local creativity and collective memory.",Correspond,0,0,0,0,0,1
010,1,"So, the cultural value of festivals is not only in entertainment but also in the networks and opportunities they create.","Therefore, the cultural value of festivals lies not only in entertainment but also in the networks and opportunities they create.",Correspond,0,0,0,0,0,0
010,2,Music festivals also make economic benefits for host cities.,Music festivals also produce measurable economic benefits for host cities and regions.,Correspond,0,0,0,0,1,1
010,2,Treefort Music Fest 2025 supported 128799 jobs.,"According to Crossgrove Fry (2025), Treefort Music Fest 2025 supported 128.799 jobs, generated about $4.7 million in labor income, and produced roughly $15.8 million in output across Idaho.",Split,0,0,0,1,0,0
010,2,"It also made about $4.7 million in labor income, and made roughly $15.8 million across Idaho.","According to Crossgrove Fry (2025), Treefort Music Fest 2025 supported 128.799 jobs, generated about $4.7 million in labor income, and produced roughly $15.8 million in output across Idaho.",Split,0,0,0,0,0,0
010,2,The report said it made about $1.4 million in taxes.,The same report estimates that the festival supported about $1.4 million in tax revenue.,Correspond,0,0,0,0,0,1
010,2,"These figures show that money from festivalds also comes from hotels, restaurants, and transport.","These figures show that festival spending can extend beyond ticket sales to hotels, restaurants, transportation, and other local businesses.",Correspond,0,0,0,0,1,1
010,2,Festivals get attention from leaders who want to make tourism stronger.,"For that reason, festivals often receive attention from civic leaders who want to strengthen tourism and downtown activity.",Correspond,0,0,0,0,0,1
010,2,"So, the argument is stronger when the benefits can reach local workers and businesses.","However, the economic case is strongest when the benefits are broad enough to reach local workers and businesses rather than only large promoters.",Correspond,0,1,0,0,0,1
010,2,"So, festivals that make both the music scene and also the economy stronger has stronger public support.",A festival that strengthens both the music scene and the surrounding economy has a stronger claim to public support.,Correspond,0,0,0,0,1,1
010,3,Music festivals face many problems.,"Music festivals face serious environmental and structural problems, which means their benefits cannot be taken for granted.",Correspond,0,0,0,0,0,1
010,3,"Leah Thomas (2023) shows that even a well-known festival such as Coachella needs many systems for trash, and reducing plastic pollution needs policy changes.","Leah Thomas (2023) shows that even a well-known festival such as Coachella requires extensive systems for trash, recycling, and composting, and that reducing plastic pollution demands deliberate policy changes.",Correspond,0,0,0,0,0,1
010,3,"In addition, Jim Ottewill (2026) reports that festivals discussed in the UK Parliament generate 25,800 tonnes of waste, 22,876 tonnes of CO2, and use 185 million litres of water every year.","In addition, Jim Ottewill (2026) reports that festivals discussed in the UK Parliament generate 25,800 tonnes of waste, 22,876 tonnes of CO2, and use 185 million litres of water annually.",Correspond,0,0,0,0,0,1
010,3,"The same article offers evidence that improvement is possible: Massive Attack's 2024 Act 1.5 event reduced energy-related greenhouse gas emissions by 98 percent and made an 89 percent recycling rate (Ottewill, 2026).","Yet the same article offers evidence that improvement is possible: Massive Attack's 2024 Act 1.5 event reduced energy-related greenhouse gas emissions by 98 percent and achieved an 89 percent recycling rate (Ottewill, 2026).",Correspond,0,1,0,0,1,0
010,3,"Money is also part of the problem, since Oliver (2026) notes that many independent festivals are struggling to survive.","Financial pressure is also part of the problem, since Oliver (2026) notes that many independent festivals are struggling to survive.",Correspond,0,0,0,0,0,1
010,3,"So, festivals should be judged not only by their lineups but also by how seriously organizers address waste, transport, and long-term viability.","Therefore, festivals should be judged not only by their lineups but also by how seriously organizers address waste, transport, and long-term viability.",Correspond,0,0,0,0,0,0
010,ref,"Crossgrove Fry, V. (2025). *The economic impact of Treefort 2025*. Idaho Policy Institute, Boise State University. https://www.boisestate.edu/sps-ipi/wp-content/uploads/sites/125/2025/08/Economic-Impact-of-Treefort-2025.pdf","Crossgrove Fry, V. (2025). *The economic impact of Treefort 2025*. Idaho Policy Institute, Boise State University. https://www.boisestate.edu/sps-ipi/wp-content/uploads/sites/125/2025/08/Economic-Impact-of-Treefort-2025.pdf",Correspond,0,0,0,0,0,0
010,ref,,"Oliver, H. (2026, June 14). *Splore no more: New Zealand’s shrinking festival scene hurts local artists as big acts roll in*. *The Guardian*. https://www.theguardian.com/world/2026/jun/14/new-zealand-music-festivals-struggle-shut-down-splore",Removed,0,0,0,1,0,0
010,ref,"Ottewill, J. (2026, February 2). *“Festivals generate 25,800 tonnes of waste, 22,876 tonnes of CO2 and use 185 million litres of water annually”: How Massive Attack set a new benchmark for the future of sustainable live music events*. *MusicRadar*. https://www.musicradar.com/artists/festivals-generate-25-800-tonnes-of-waste-22-876-tonnes-of-co2-and-use-185-million-litres-of-water-annually-how-massive-attack-set-a-new-benchmark-for-the-future-of-sustainable-live-music-events","Ottewill, J. (2026, February 2). *“Festivals generate 25,800 tonnes of waste, 22,876 tonnes of CO2 and use 185 million litres of water annually”: How Massive Attack set a new benchmark for the future of sustainable live music events*. *MusicRadar*. https://www.musicradar.com/artists/festivals-generate-25-800-tonnes-of-waste-22-876-tonnes-of-co2-and-use-185-million-litres-of-water-annually-how-massive-attack-set-a-new-benchmark-for-the-future-of-sustainable-live-music-events",Correspond,0,0,0,0,0,0
010,ref,"Thomas, L. (2023, April 21). *Can a music festival ever be truly sustainable?* *Vogue*. https://www.vogue.com/article/can-a-music-festival-ever-be-sustainable","Thomas, L. (2023, April 21). *Can a music festival ever be truly sustainable?* *Vogue*. https://www.vogue.com/article/can-a-music-festival-ever-be-sustainable",Correspond,0,0,0,0,0,0
