ESSAY_ID,PARA_TYPE,PARAGRAPH
001,introduction,"Smartwatches and fitness bands have become a common part of daily life, especially among young people. These wearable devices do more than show the time because they can count steps, measure exercise, and track sleep patterns. As a result, many students may see them as useful tools for building healthier routines. At the same time, the growing popularity of wearable devices has raised questions about whether they truly improve daily habits or whether they create new problems. Although wearable fitness devices can help students become more aware of their sleep and exercise habits, this essay argues that they should be used carefully because their benefits are limited by weak long-term behavior change, privacy concerns, and possible stress."
001,body paragraph 1,"Wearable fitness devices can help healthier lifestyles by helping students monitor important daily habits a lot. Many of these things help count steps, record physical activity, and give reminders to move a lot during the day. In addition, sleep tracking can help students notice patterns in bedtime, waking time, and rest quality. According to Knaus (2025), sleep trackers can help habits and help users identify things that influence rest, such as exercise or caffeine. This kind of information may help students to make good changes in their routines. Wearable devices can cause problems with blood pressure. Wearable devices Wikipedia contributors (2026) also note that wearable technology is used a lot for health and fitness purposes, which shows that these devices are often linked to self-monitoring and personal improvement. Therefore, wearable devices can be helpful because they make health information more visible in everyday life."
001,body paragraph 2,"Wearable devices are also useful because they can reveal a lot of real patterns in student life that might be ignored. I believe that sleep enough or exercise enough, but data from wearable devices show me a different things. In one study, first-semester college students and found late sleep schedules, social jetlag, and signs of chronic sleep debt through wearable data. I agree because sometimes I don't eat breakfast in the morning. This finding is useful because it suggests that students often feel hard with rest even when they do not fully know the problem. Better awareness of sleep and activity patterns may help students improve focus, mood, and energy for study. Its device can give students useful evidence about habits that affect learning. In this way, wearable devices may support student success indirectly through greater self-awareness."
001,body paragraph 3,"However, wearable fitness devices also have serious limitations. First, they do not automatically create lasting behavior change. Oaklander (2016) reported that many people stop using fitness trackers over time, which suggests that the device alone is not enough to build long-term healthy habits. Second, wearable devices collect personal data, and this creates privacy concerns. Reed (2026) explained that connecting wearable information with medical records can expose sensitive health data and increase uncertainty about how such data is used. Finally, sleep tracking may create unnecessary anxiety instead of improving health. Colino (2025) described the problem of ""orthosomnia,"" in which people become so focused on perfect sleep scores that the pressure itself harms sleep. Wearable devices should be treated as helpful tools rather than perfect guides."
001,conclusion,"In conclusion, wearable fitness devices can help students improve their health and study habits by making sleep and physical activity easier to track. They can increase awareness, reveal unhealthy routines, and encourage better daily choices. However, these devices also have clear weaknesses because they may not produce lasting change, they can threaten privacy, and they may create stress. Students should therefore use wearable devices in a balanced and thoughtful way so that the technology supports healthy habits instead of controlling them."
001,references,"## References
Fudolig, M. I., Bloomfield, L. S. P., Price, M., Bird, Y. M., Hidalgo, J. E., Kim, J., Llorin, J., Lovato, J., McGinnis, E. W., McGinnis, R. S., Ricketts, T., Stanton, K., Dodds, P. S., & Danforth, C. M. (2024). *Collective sleep and activity patterns of college students from wearable devices* [Preprint]. arXiv. https://arxiv.org/abs/2412.17969
Knaus, C. (2025, October 20). *The rise of the sleep data nerds: ""The harder you try, the harder it is to sleep""*. The Guardian. https://www.theguardian.com/lifeandstyle/2025/oct/20/smart-watch-wearable-sleep-trackers-data-harder-to-sleep
Oaklander, M. (2016, October 20). *Why fitness trackers aren't making us healthier*. TIME. https://time.com/4540110/why-fitness-trackers-arent-making-us-healthier/
Reed, T. (2026, June 25). *The perils of connecting wearables with medical records*. Axios. https://www.axios.com/2026/06/25/wearables-medical-records-privacy
Wikipedia contributors. (2026, May 15). *Wearable technology*. In *Wikipedia*. https://en.wikipedia.org/wiki/Wearable_technology"
002,introduction,"Many students do things outside of school and university. But, their life is tough. Maybe students should do some work. However, it can be hard. Both views contain some truth."
002,body paragraph 1,"Part-time jobs can first help students manage the financial pressure of education. Many students work not just for spending money. But need help covering rent, transport, food, and other daily costs. I also like watching movies in my spare time. Reporting on a big survey of undergraduate in the United Kingdom, *The Guardian* said that many working students said they were employed to meet living costs, which shows that paid work is often important rather than a lifestyle choice (The Guardian, 2024a). In the United States, Federal Student Aid (n.d.) said the existence of Federal Work-Study also shows that student employment is officially recognized as one way to support education costs. A reasonable amount of paid work can make student life more stable and reduce immediate money worries."
002,body paragraph 2,"Part-time jobs can also teach practical skills that are difficult to gain from classroom study alone and are important. Students who work must often learn punctuality, communication, teamwork, and responsibility in real situations. In addition, balancing deadlines, class attendance, and work shifts may make time-management habits stronger. They can also learn to draw in their spare time. A 2025 article in the *Times of India* said that part-time work can build accountability, confidence, and workplace communication skills that formal study do not always teaching directly (Times of India, 2025). Its lessons may help students after graduation because employers usually think both academic knowledge and evidence of dependable work behavior are important. A student who has already handled customers, coworkers, or supervisors may learn more quickly in a professional setting than a student with no work experience."
002,body paragraph 3,"However, the benefits of student employment become weaker when work hours are too long or the schedule is too rigid. This point is important because a part-time job should support education, not replace it. A second Guardian article on student budgeting and employment also said important to stay focused on academics and choose flexible work when possible, especially campus-based roles that fit study schedules easy. Therefore, the main question is not whether students should ever work, but how much they should work and under what conditions."
002,conclusion,Part time jobs can help with future jobs for students. But they shouldn't work for too long otherwise they might become stressed. Students should have part time jobs if they can do it.
002,references,"## References
The Guardian. (2024a, June 13). *More than half of UK students working long hours in paid jobs*. https://www.theguardian.com/education/article/2024/jun/13/more-than-half-of-uk-students-working-long-hours-in-paid-jobs
The Guardian. (2024b, July 5). *Be frugal, have fun, stay focused: how to make ends meet as a student*. https://www.theguardian.com/guardian-clearing/article/2024/jul/05/be-frugal-have-fun-stay-focused-how-to-make-ends-meet-as-a-student
Times of India. (2025, September 27). *5 things a part-time job can teach what a degree can't*. https://timesofindia.indiatimes.com/life-style/relationships/work/5-things-a-part-time-job-can-teach-what-a-degree-cant/photostory/124162483.cms"
003,introduction,"Artificial intelligence has entered education with unusual speed. In only a few years, teachers, schools, and students have moved from curiosity about chatbots to daily debates about lesson planning, tutoring, cheating, and classroom work. Some teachers think that AI should be used in education. AI should be integrated into education."
003,body paragraph 1,"One important reason to include AI in education is that it can reduce teacher workload and expand academic support. Gallup said that 6 in 10 U.S. public K-12 teachers used AI tools during the 2024-25 school year, and regular users estimated saving 5.9 hours per week, or about six weeks across a school year. That time is important because teachers often spend many hours creating materials, changing lessons, and doing administrative work. If AI helps make worksheets or make materials for different student needs, teachers may spend more effort on feedback and direct instruction. UNESCO also said that generative AI may help curriculum design, teaching, and learning when its use is carefully validated (Miao & Holmes, 2023). It can serve a productive role when they support the teacher rather than replacing the teacher."
003,body paragraph 2,"A second reason for caution is that AI can interfere with real learning when schools use it without clear limits. Lee (2025) said that AI has changed the method of cheating more than the amount of cheating, which is an important distinction. In data from public and charter high schools, 11% of students in 2024 and 15% in 2025 reported using AI to complete an entire assignment, while larger numbers used it to generate ideas or revise work (Lee, 2025). These findings show that student use is not all the same. However, they also said that schools cannot ignore the problem. When students rely on AI to make a work for them, writing, analysis, and problem solving may become lower. UNESCO said that the not enough to regulation leaves institutions unprepared and users unprotected (Miao & Holmes, 2023). Responsible use therefore requires more than excitement about innovation."
003,body paragraph 3,"Clear policy and training are the conditions that can make AI educationally useful instead of harmful. The AI Education Project's aiEDU Pulse found that more than 80% of educators wanted AI-related professional development, while 75% supported teaching students about AI itself (AI Education Project, 2024). At the same time, 56.9% believed AI was more likely to widen achievement gaps than narrow them (AI Education Project, 2024). Them results suggest that educators do not just want more technology; they want you to make more guidance. UNESCO's guidance supports this approach by calling for privacy protection, ethical validation, and age-appropriate policy frameworks (Miao & Holmes, 2023). AI literacy can also help students understand when AI is a useful assistant and when it becomes a substitute for thought."
003,conclusion,"AI should be used in education as a guided support tool, not as a replacement for teachers or student thinking. This is because it is helpful. Schools should adopt AI carefully, train teachers and students to use it responsibly, and keep human judgment at the center of learning."
003,references,"## References
AI Education Project. (2024). *aiEDU Pulse*. https://www.aiedu.org/pulse
Malek Ash, A. (2025, June 25). *Three in 10 teachers use AI weekly, saving six weeks a year*. Gallup. https://news.gallup.com/poll/691967/three-teachers-weekly-saving-six-weeks-year.aspx
Miao, F., & Holmes, W. (2023). *Guidance for generative AI in education and research*. UNESCO. https://www.unesco.org/en/articles/guidance-generative-ai-education-and-research"
004,introduction,"Social media has become a normal part of adolescent life, shaping how teenagers communicate, relax, and learn about the world. Because these platforms are so common, discussions about them often become overly simple. Some people describe social media as a useful tool for connection, while others portray it as a direct cause of mental health decline. The evidence suggests a more complicated reality."
004,body paragraph 1,"Social media is good when adolescents use it to maintain relationships and express themselves. The U.S. Department of Health and Human Services (2023) said young people use social media to find community and explore their identities. Social media is an effective way to advertise, too. The Surgeon General's advisory said that many young people report feeling good (U.S. Department of Health and Human Services, 2023). Social media is not only harmful."
004,body paragraph 2,"However, the bad side of social media is easy to see. The U.S. Department of Health and Human Services (2023) said that adolescents who spend more than three hours a day on social media may have double the risk of poor mental health outcomes. The same advisory highlights concerns about cyberbullying, harmful content, poor sleep, and body image pressure. I often have bad sleep because of my social media using too much it is bad. These risks are not only theoretical. *The Washington Post* (2025) said that 48% of teens now think social media have a mostly negative effect on people their age, and 45% say they spend too much time on it. This shift is important because it suggests that even frequent users more and more know the bad emotional of too much exposure and interruption."
004,body paragraph 3,"Because social media produces both good and bad things, the biggest response is neither panic nor passivity. Alluhidan et al. (2024) said that adolescents said about negative experiences most often. But they also used social media to find friends and information. This mixed pattern suggests that the problem is not simply the existence of social media, but the conditions under which it is used. Schools and families should try good habits such as time limits and good sleep routines, while technology companies should reduce bad design features and improve safety protections. The Surgeon General's advisory also said that collective action from policymakers, companies, caregivers, and young people is important. I don't assuming that adolescents alone can manage these risks (U.S. Department of Health and Human Services, 2023)."
004,conclusion,Social media should be understood as a powerful environment that can help adolescents but can also harm them when it is poorly designed or heavily used. It can help children have better lives and even adults can enjoy it. But we must be careful not to get hurt by it.
004,references,"## References
Alluhidan, A., Akter, M., Alsoubai, A., Park, J., & Wisniewski, P. (2024). *Teen talk: The good, the bad, and the neutral of adolescent social media use* [Preprint]. arXiv. https://arxiv.org/abs/2409.02358
*The Washington Post*. (2025, April 25). *Even some teens say social media is hurting their mental health*. https://www.washingtonpost.com/lifestyle/2025/04/25/teens-mental-health-social-media/"
005,introduction,"Schools want to control their students lives. So, they make students wear school uniforms. In many schools, uniforms are a way to build community by making students look equal on the surface. School uniforms can support people's lives really well."
005,body paragraph 1,Supporters of school uniforms said that it simplify daily school life. It also reduce pressure about fashion. McCarthy (2024) said people believe uniforms can improve life. These argument are understandable because uniforms can make mornings easier for families. A shared dress standard can create a big visual identity for a school. Uniforms may appear to offer an efficient way to encourage order and equality.
005,body paragraph 2,"However, research does not support the claim that uniforms lead to big improvement. Researchers said that uniforms were not a good solution for truancy, behavior problems, substance use, or academic achievement. This finding is important because many uniform policies are promoted as if they will directly improve student performance. More recent evidence agrees. In a report on France's recent school uniform experiment, Piquet (2026) said that an official assessment released on May 12, 2026 found only limited effects on student behavior and learning, with mixed results for the school climate. Uniforms may change appearance more easily than they change the deeper causes of school problems."
005,body paragraph 3,"In addition, uniforms can create practical and social problems and it is important for schools to think about them. McCarthy (2024) noted that uniforms can place a big financial burden on families, especially when schools need specific things from approved sellers. Uniforms may also stop student self-expression, which is a big issue during the school years, when identity is still developing. We want students to develop a wonderful identity in school. Furthermore, some uniform designs are not same comfortable for all students. Weale (2024) said about Cambridge research suggesting that uniforms may reduce physical activity among younger children, especially girls. If a policy makes movement less comfortable or can stop active play, then that policy may work against schools' big educational and health goals."
005,conclusion,"The evidence suggests that uniforms can support routine and school identity, yet they do not reliably improve learning or behavior. At the same time, they may create costs, limit expression, and even reduce comfort and activity. So, schools should be careful about the rules."
005,references,"## References
Brunsma, D. L., & Rockquemore, K. A. (1998). Effects of student uniforms on attendance, behavior problems, substance use, and academic achievement. *The Journal of Educational Research, 92*(1), 53-62.
Piquet, C. (2026, May 15). *School uniforms have 'limited effects on student behavior and learning,' French experiment reveals*. Le Monde. https://www.lemonde.fr/en/france/article/2026/05/15/school-uniforms-have-limited-effects-on-student-behavior-and-learning-according-to-initial-reports-in-french-experiment_6753469_7.html
Weale, S. (2024, February 15). *School uniforms may be barrier to physical activity among younger girls*. The Guardian. https://www.theguardian.com/education/2024/feb/15/school-uniforms-may-be-barrier-to-physical-activity-among-younger-girls"
006,introduction,"Some of the most important lessons in school happen after the last class ends. Club activities may look secondary compared with formal lessons, yet they often shape how students feel about school and about themselves. Debate about extracurricular life is sometimes too simple, because supporters often act as if more activities always lead to better students. Research suggests a more careful conclusion. Club activities do not automatically raise academic performance, but they should be encouraged."
006,body paragraph 1,"Club activities can help students feel close. In general, club activities are organized school-related experiences outside school work and they have clubs, arts, and sports (Wikipedia contributors, 2025). This part of school life is important because it gives students goals and we have a community within a large institution. For some students, that connection may be very important. Researchers said that among bad treatment children, participation in school clubs help them graduate by 2.54 times. This means that students can graduate even if they have a bad time. But I am worried if I will graduate. It suggests that school clubs can make a connection with school strong for poor students."
006,body paragraph 2,"In addition, the benefits of club activities are social and emotional. Many people think that if they join several activities will improve my grades. O'Flaherty et al. (2022) researched club activities. He found that the positive effects became smaller than people think. Sports clubs still has beneficial effects for mental health, while art clubs had better interaction between people. So, club activities are cannot replace academic work. And I think club activities are more important for friends. The benefit of clubs lies in helping students build confidence and make good friends."
006,body paragraph 3,"But sometimes, club activities don't give benefit because students can have too much work. Owens and Weiss (2017) said young people don't get enough sleep because of club activities, lots of homework and go to school early. Lack of sleep can damage attention. It weakens the benefits of clubs. Fagan et al. (2022) found that non-competitive school sport stop drug use, but other sport was not clear. Schools should not judge success by the number of activities alone. Instead, they should focus on whether clubs are meaningful, balanced, and connected to student well-being."
006,conclusion,"Club activities deserve support, but not because they magically improve every area of student life. Their greatest strength is that they help students feel connected, supported, and motivated to remain engaged with school. At the same time, the research shows that academic gains are limited and that overscheduling can reduce the benefits. Therefore, schools should expand access to meaningful club opportunities while also protecting students from excessive pressure. When participation is balanced and purposeful, club activities become an important part of education rather than just an added burden."
006,references,"## References
Fagan, M. J., Duncan, M. J., Bedi, R. P., Puterman, E., Leatherdale, S. T., & Faulkner, G. (2022). Physical activity and substance use among Canadian adolescents: Examining the moderating role of school connectedness. *Frontiers in Public Health, 10*, Article 889987. https://doi.org/10.3389/fpubh.2022.889987
Lemkin, A., Kistin, C. J., Cabral, H. J., Aschengrau, A., & Bair-Merritt, M. (2018). School connectedness and high school graduation among maltreated youth. *Child Abuse & Neglect, 75*, 130-138. https://doi.org/10.1016/j.chiabu.2017.04.023"
007,introduction,"Convenience stores a familiar part of modern neighborhoods. However, these stores are often criticized for selling expensive snacks, sugary drinks, and other low-nutrition items. Nonetheless, they also fill a practical gap for people who need food close to home, especially in places where supermarkets are harder to reach. In many communities, the nearest convenience store is a routine source of groceries, drinks, and basic household goods. Convenience stores remain important in urban and low-access neighborhoods because they save time, support local food access, and can serve community needs."
007,body paragraph 1,"Convenience stores are important because they are close to the place people live. The U.S. Department of Agriculture's Economic Research Service explains that its Food Access Research Atlas measures how easy low-income people can reach supermarkets (U.S. Department of Agriculture, Economic Research Service [USDA ERS], 2025). This big concern about distance can help explain why small neighborhood stores are important. About 14% of SNAP benefits in 2024 were spent at convenience stores, which are easier to reach. Convenience stores reduce the time and transport barriers that can make regular shopping difficult for working families, older adults, and residents of food deserts."
007,body paragraph 2,"Convenience stores are also important because they can make neighborhood economies strong and give important services, not just snacks. Durbin (2025) reports that conveniece stores lose sales when SNAP benefits were delayed. This shows that these stores are related with local household spending. The same article describes Kansas City convenience stores. It stocked goods from a nonprofit partnership, which means that some stores change to meet community needs and don't rely only on junk food sales. Small stores are open later than supermarkets and we can get milk, bread, fruit, or cooked food late at night. A late-night worker can use a convenience store when big supermarkets are closed. So convenience stores are important for daily life."
007,body paragraph 3,"However, convenience stores have important disadvantages. Research on rural food environments found that grocery stores were better than convenience stores for getting healthy food. Supermarkets have more stronger nutritious food than convenience stores (McCormack et al., 2021). So people can reach convenience stores easily, but it does not always have healthy food. It is important to have healthy food to raise a young children. So, I think that communities that use convenience stores have bad diets. Convenience stores can help reduce distance barriers, but they do not help people have a good diet."
007,conclusion,"Convenience stores are really important for the people. At the same time, their weak record on healthy food variety shows that convenience should not be confused with complete food security. A practical response is not to dismiss convenience stores, but to improve them while also expanding access to supermarkets and fresh food programs."
007,references,"## References
McCormack, L. A., Meendering, J. R., Burdette, L., Prosch, N., Moore, L., & Stluka, S. (2021). Quantifying the food and physical activity environments in rural, high obesity communities. *International Journal of Environmental Research and Public Health, 18*(24), 13344. https://doi.org/10.3390/ijerph182413344
U.S. Department of Agriculture, Economic Research Service. (2025, September 23). *Food Access Research Atlas*. https://www.ers.usda.gov/data-products/food-access-research-atlas/"
008,introduction,"Anime and Manga is very popular around the world. Did you know that manga is sometimes the source for anime stories. If an anime is successful, people want to read the books. But artists feel a lot of pressure."
008,body paragraph 1,"Anime and manga now function as a useful international business as well as an art form. The *Financial Times* showed that the global anime market reached 3.4 trillion yen in 2023, and more than half of anime revenue came from outside Japan (Financial Times, 2025). That figure showed that anime is part of the global entertainment economy, not a small domestic product. Matt Alt (2025) showed that popular manga series are licensed for animation and then streamed internationally, creating a cycle in which books promote shows and shows promote books. This relationship showed why comics and shows such as *Naruto* and *Demon Slayer* are international. Therefore, anime and manga succeed not only because of artistic appeal but also because they reinforce each other commercially."
008,body paragraph 2,"Anime and manga also create cultural connections. According to the Anime Tourism Association, its mission is to organize ""Japanese Anime 88-Spots"" and connect local regions, companies, and content holders in order to welcome tourists and encourage new economic growth (Anime Tourism Association, n.d.). Also, anime can foster connections between people in a local area because people from the local area can sometimes come from different cultures and make Japanese anime more popular around the world. This goal shows how fictional stories can change the local area in a good way. Fans often want to visit the landscapes, shrines, train stations, or neighborhoods where an anime series was based on. In addition, this tourism introduces international visitors to local Japanese communities that might otherwise receive less attention. As a result, anime and manga can act as bridges between media consumption and regional development."
008,body paragraph 3,"However, the success of anime and manga brings serious costs. Alt (2025) describes the world of *Weekly Shonen Jump* as one of relentless deadlines, intense reader rankings, and heavy physical and mental pressure on creators. He notes that serialized artists can feel trapped in a constant cycle of ""next, next, next,"" and that health concerns have pushed the industry to create more support systems. This evidence suggests that global demand may reward speed and dependable franchises more than experimentation. This means that maybe the original idea of anime is getting lost. Like some people can't create new things. In the same article, Alt argues that reader surveys and franchise logic can encourage sameness in content, even while they produce major hits. However effective this system may be in business terms, it risks exhausting artists and narrowing the range of stories that reach audiences."
008,conclusion,"Anime and manga are valuable precisely because they combine artistic imagination with global influence, but that strength should not be measured by profits alone. Their growth has expanded Japan's cultural presence, supported tourism, and built a strong media ecosystem through the connection between printed and animated storytelling. At the same time, the industry depends on demanding labor and increasingly commercial formulas. Therefore, the future of anime and manga will be strongest if the industry balances worldwide expansion with healthier working conditions and greater room for creative risk."
008,references,"## References
Anime Tourism Association. (n.d.). *Anime tourism association overview*. https://animetourism88.com/en/about-en/animetourismassociation-en/
Financial Times. (2025, June 5). *Sony turns anime from fandom to financials*. https://www.ft.com/content/a04b279a-ea19-4982-b2e5-f7f4630859cb"
009,introduction,"Video games are one of the most common forms of entertainment for children and teenagers, yet public discussion about them often becomes extreme. Some people describe games as harmful distractions that weaken attention and encourage unhealthy habits, while others present them as creative tools that improve thinking and social connection. The available evidence suggests that neither view is fully accurate. Video games can create meaningful benefits, but those benefits depend on how games are used and what they replace in daily life. Video games should be viewed as a potentially beneficial activity when they are played in moderation, because they can support cognitive skills and social relationships, but they also require limits when gaming begins to interfere with sleep, school, or healthy routines."
009,body paragraph 1,"Video games can help brain development. Mayer (2022) reports on a JAMA Network Open study of more than 2,200 children ages only nine and ten and he found that children who played video games had stronger performance on memory tests. So I think that playing games can be good for children. This information does not prove that video games caused brain development (Mayer, 2022). So, the results still suggest that games can involve problem solving rather than passive screen use."
009,body paragraph 2,"Video games can also make social connection stronger among teenagers. 56% of U.S. teenagers say games help their problem-solving skills, 47% say games help them build friendships, and 41% say games make it easier to work with other people. In addition, Lenhart (2015) found that 78% of teenagers felt more connected to people they already knew when they played online together. So, this evidence is important because it means that gaming is not always by yourself. Many games must have cooperation and regular communication. Communication is important for teenagers when they are growing up. Multiplayer games ask players to plan strategies and divide tasks. So gaming can be a real social space and not only an escape from social life."
009,body paragraph 3,"However, we have to have a good balance of gaming. 41% of teenagers say games have damaged the amount they sleep, and 43% said about harassment from other people. These findings show that the gaming can cause problems even if people enjoy benefits. I think we must be careful of the big problems because of the games. The World Health Organization (n.d.) also recognizes sometimes people continue to play games even if it has negative effects on them. The WHO adds that this problem affects only a small proportion of gamers. So, the main lesson is not that video games are only dangerous, but playing too much can become damage when it stops people to rest, study, or make good friends."
009,conclusion,"Video games are fun. Their benefits can include stronger problem-solving. We should have a balanced view. When games remain one part of a healthy routine, they can contribute something valuable; when they dominate daily life, the harms become much harder to ignore."
009,references,"## References
Fitzpatrick, A. (2024, May 9). *Friendships, problem-solving: How video games are helping U.S. teens*. Axios. https://www.axios.com/2024/05/09/video-games-benefits-teens-mental-health-friendships
Mayer, B. A. (2022, October 27). *Study shows video games can offer benefits to kids' brains*. Parents. https://www.parents.com/study-shows-video-games-can-offer-benefits-to-kids-brains-6822498
World Health Organization. (n.d.). *Gaming disorder*. https://www.who.int/standards/classifications/frequently-asked-questions/gaming-disorder"
010,introduction,"Music festivals are often very exciting for many people around the world. However, they are also quite important. Festivals make local culture more interesting. At the same time, recent reporting shows that festivals also cause waste, emissions, and financial pressure for organizers and host communities. However, this essay will argue that music festivals are essential for the community."
010,body paragraph 1,"Music festivals are important because they help build community. In New Zealand, Henry Oliver (2026) describes festivals as a cultural rite of passage. He notes that they are also launch pads for new artists. That role matters because festivals do not only show famous performers; they also give small acts a chance to reach a big audience. Festivals bring together different people together even if they have different ages, neighborhoods, or tastes. Even when the music is the main thing, the event can still create a feeling of being together with new people. So, the cultural value of festivals is not only in entertainment but also in the networks and opportunities they create."
010,body paragraph 2,"Music festivals also make economic benefits for host cities. Treefort Music Fest 2025 supported 128799 jobs. It also made about $4.7 million in labor income, and made roughly $15.8 million across Idaho. The report said it made about $1.4 million in taxes. These figures show that money from festivalds also comes from hotels, restaurants, and transport. Festivals get attention from leaders who want to make tourism stronger. So, the argument is stronger when the benefits can reach local workers and businesses. So, festivals that make both the music scene and also the economy stronger has stronger public support."
010,body paragraph 3,"Music festivals face many problems. Leah Thomas (2023) shows that even a well-known festival such as Coachella needs many systems for trash, and reducing plastic pollution needs policy changes. In addition, Jim Ottewill (2026) reports that festivals discussed in the UK Parliament generate 25,800 tonnes of waste, 22,876 tonnes of CO2, and use 185 million litres of water every year. The same article offers evidence that improvement is possible: Massive Attack's 2024 Act 1.5 event reduced energy-related greenhouse gas emissions by 98 percent and made an 89 percent recycling rate (Ottewill, 2026). Money is also part of the problem, since Oliver (2026) notes that many independent festivals are struggling to survive. So, festivals should be judged not only by their lineups but also by how seriously organizers address waste, transport, and long-term viability."
010,conclusion,"In conclusion, I think people should go to music festivals. That's because music festivals can bring so much fun. Don't worry about the pollution, just clean it up!"
010,references,"## References
Crossgrove Fry, V. (2025). *The economic impact of Treefort 2025*. Idaho Policy Institute, Boise State University. https://www.boisestate.edu/sps-ipi/wp-content/uploads/sites/125/2025/08/Economic-Impact-of-Treefort-2025.pdf
Ottewill, J. (2026, February 2). *“Festivals generate 25,800 tonnes of waste, 22,876 tonnes of CO2 and use 185 million litres of water annually”: How Massive Attack set a new benchmark for the future of sustainable live music events*. *MusicRadar*. https://www.musicradar.com/artists/festivals-generate-25-800-tonnes-of-waste-22-876-tonnes-of-co2-and-use-185-million-litres-of-water-annually-how-massive-attack-set-a-new-benchmark-for-the-future-of-sustainable-live-music-events
Thomas, L. (2023, April 21). *Can a music festival ever be truly sustainable?* *Vogue*. https://www.vogue.com/article/can-a-music-festival-ever-be-sustainable"
